name,year,duration,genre,rating,director,type
The Shawshank Redemption,1994,142,Drama,9.3,Frank Darabont,Movie
The Godfather,1972,175,"Crime,Drama",9.2,Francis Ford Coppola,Movie
The Dark Knight,2008,152,"Action,Crime,Drama",9.0,Christopher Nolan,Movie
The Godfather: Part II,1974,202,"Crime,Drama",9.0,Francis Ford Coppola,Movie
12 Angry Men,1957,96,"Crime,Drama",9.0,Sidney Lumet,Movie
The Lord of the Rings: The Return of the King,2003,201,"Action,Adventure,Drama",8.9,Peter Jackson,Movie
Pulp Fiction,1994,154,"Crime,Drama",8.9,Quentin Tarantino,Movie
Schindler's List,1993,195,"Biography,Drama,History",8.9,Steven Spielberg,Movie
Inception,2010,148,"Action,Adventure,Sci-Fi",8.8,Christopher Nolan,Movie
Fight Club,1999,139,Drama,8.8,David Fincher,Movie
The Lord of the Rings: The Fellowship of the Ring,2001,178,"Action,Adventure,Drama",8.8,Peter Jackson,Movie
Forrest Gump,1994,142,"Drama,Romance",8.8,Robert Zemeckis,Movie
"Il buono, il brutto, il cattivo",1966,161,Western,8.8,Sergio Leone,Movie
The Lord of the Rings: The Two Towers,2002,179,"Action,Adventure,Drama",8.7,Peter Jackson,Movie
The Matrix,1999,136,"Action,Sci-Fi",8.7,Lana Wachowski,Movie
Goodfellas,1990,146,"Biography,Crime,Drama",8.7,Martin Scorsese,Movie
Star Wars: Episode V - The Empire Strikes Back,1980,124,"Action,Adventure,Fantasy",8.7,Irvin Kershner,Movie
One Flew Over the Cuckoo's Nest,1975,133,Drama,8.7,Milos Forman,Movie
Hamilton,2020,160,"Biography,Drama,History",8.6,Thomas Kail,Movie
Gisaengchung,2019,132,"Comedy,Drama,Thriller",8.6,Bong Joon Ho,Movie
Soorarai Pottru,2020,153,Drama,8.6,Sudha Kongara,Movie
Interstellar,2014,169,"Adventure,Drama,Sci-Fi",8.6,Christopher Nolan,Movie
Cidade de Deus,2002,130,"Crime,Drama",8.6,Fernando Meirelles,Movie
Sen to Chihiro no kamikakushi,2001,125,"Animation,Adventure,Family",8.6,Hayao Miyazaki,Movie
Saving Private Ryan,1998,169,"Drama,War",8.6,Steven Spielberg,Movie
The Green Mile,1999,189,"Crime,Drama,Fantasy",8.6,Frank Darabont,Movie
La vita è bella,1997,116,"Comedy,Drama,Romance",8.6,Roberto Benigni,Movie
Se7en,1995,127,"Crime,Drama,Mystery",8.6,David Fincher,Movie
The Silence of the Lambs,1991,118,"Crime,Drama,Thriller",8.6,Jonathan Demme,Movie
Star Wars,1977,121,"Action,Adventure,Fantasy",8.6,George Lucas,Movie
Seppuku,1962,133,"Action,Drama,Mystery",8.6,Masaki Kobayashi,Movie
Shichinin no samurai,1954,207,"Action,Adventure,Drama",8.6,Akira Kurosawa,Movie
It's a Wonderful Life,1946,130,"Drama,Family,Fantasy",8.6,Frank Capra,Movie
Joker,2019,122,"Crime,Drama,Thriller",8.5,Todd Phillips,Movie
Whiplash,2014,106,"Drama,Music",8.5,Damien Chazelle,Movie
The Intouchables,2011,112,"Biography,Comedy,Drama",8.5,Olivier Nakache,Movie
The Prestige,2006,130,"Drama,Mystery,Sci-Fi",8.5,Christopher Nolan,Movie
The Departed,2006,151,"Crime,Drama,Thriller",8.5,Martin Scorsese,Movie
The Pianist,2002,150,"Biography,Drama,Music",8.5,Roman Polanski,Movie
Gladiator,2000,155,"Action,Adventure,Drama",8.5,Ridley Scott,Movie
American History X,1998,119,Drama,8.5,Tony Kaye,Movie
The Usual Suspects,1995,106,"Crime,Mystery,Thriller",8.5,Bryan Singer,Movie
Léon,1994,110,"Action,Crime,Drama",8.5,Luc Besson,Movie
The Lion King,1994,88,"Animation,Adventure,Drama",8.5,Roger Allers,Movie
Terminator 2: Judgment Day,1991,137,"Action,Sci-Fi",8.5,James Cameron,Movie
Nuovo Cinema Paradiso,1988,155,"Drama,Romance",8.5,Giuseppe Tornatore,Movie
Hotaru no haka,1988,89,"Animation,Drama,War",8.5,Isao Takahata,Movie
Back to the Future,1985,116,"Adventure,Comedy,Sci-Fi",8.5,Robert Zemeckis,Movie
Once Upon a Time in the West,1968,165,Western,8.5,Sergio Leone,Movie
Psycho,1960,109,"Horror,Mystery,Thriller",8.5,Alfred Hitchcock,Movie
Casablanca,1942,102,"Drama,Romance,War",8.5,Michael Curtiz,Movie
Modern Times,1936,87,"Comedy,Drama,Family",8.5,Charles Chaplin,Movie
City Lights,1931,87,"Comedy,Drama,Romance",8.5,Charles Chaplin,Movie
Capharnaüm,2018,126,Drama,8.4,Nadine Labaki,Movie
Ayla: The Daughter of War,2017,125,"Biography,Drama,History",8.4,Can Ulkay,Movie
Vikram Vedha,2017,147,"Action,Crime,Drama",8.4,Gayatri,Movie
Kimi no na wa.,2016,106,"Animation,Drama,Fantasy",8.4,Makoto Shinkai,Movie
Dangal,2016,161,"Action,Biography,Drama",8.4,Nitesh Tiwari,Movie
Spider-Man: Into the Spider-Verse,2018,117,"Animation,Action,Adventure",8.4,Bob Persichetti,Movie
Avengers: Endgame,2019,181,"Action,Adventure,Drama",8.4,Anthony Russo,Movie
Avengers: Infinity War,2018,149,"Action,Adventure,Sci-Fi",8.4,Anthony Russo,Movie
Coco,2017,105,"Animation,Adventure,Family",8.4,Lee Unkrich,Movie
Django Unchained,2012,165,"Drama,Western",8.4,Quentin Tarantino,Movie
The Dark Knight Rises,2012,164,"Action,Adventure",8.4,Christopher Nolan,Movie
3 Idiots,2009,170,"Comedy,Drama",8.4,Rajkumar Hirani,Movie
Taare Zameen Par,2007,165,"Drama,Family",8.4,Aamir Khan,Movie
WALL·E,2008,98,"Animation,Adventure,Family",8.4,Andrew Stanton,Movie
The Lives of Others,2006,137,"Drama,Mystery,Thriller",8.4,Florian Henckel von Donnersmarck,Movie
Oldeuboi,2003,101,"Action,Drama,Mystery",8.4,Chan-wook Park,Movie
Memento,2000,113,"Mystery,Thriller",8.4,Christopher Nolan,Movie
Mononoke-hime,1997,134,"Animation,Action,Adventure",8.4,Hayao Miyazaki,Movie
Once Upon a Time in America,1984,229,"Crime,Drama",8.4,Sergio Leone,Movie
Raiders of the Lost Ark,1981,115,"Action,Adventure",8.4,Steven Spielberg,Movie
The Shining,1980,146,"Drama,Horror",8.4,Stanley Kubrick,Movie
Apocalypse Now,1979,147,"Drama,Mystery,War",8.4,Francis Ford Coppola,Movie
Alien,1979,117,"Horror,Sci-Fi",8.4,Ridley Scott,Movie
Anand,1971,122,"Drama,Musical",8.4,Hrishikesh Mukherjee,Movie
Tengoku to jigoku,1963,143,"Crime,Drama,Mystery",8.4,Akira Kurosawa,Movie
Dr. Strangelove or: How I Learned to Stop Worrying and Love the Bomb,1964,95,Comedy,8.4,Stanley Kubrick,Movie
Witness for the Prosecution,1957,116,"Crime,Drama,Mystery",8.4,Billy Wilder,Movie
Paths of Glory,1957,88,"Drama,War",8.4,Stanley Kubrick,Movie
Rear Window,1954,112,"Mystery,Thriller",8.4,Alfred Hitchcock,Movie
Sunset Blvd.,1950,110,"Drama,Film-Noir",8.4,Billy Wilder,Movie
The Great Dictator,1940,125,"Comedy,Drama,War",8.4,Charles Chaplin,Movie
1917,2019,119,"Drama,Thriller,War",8.3,Sam Mendes,Movie
Tumbbad,2018,104,"Drama,Fantasy,Horror",8.3,Rahi Anil Barve,Movie
Andhadhun,2018,139,"Crime,Drama,Music",8.3,Sriram Raghavan,Movie
Drishyam,2013,160,"Crime,Drama,Thriller",8.3,Jeethu Joseph,Movie
Jagten,2012,115,Drama,8.3,Thomas Vinterberg,Movie
Jodaeiye Nader az Simin,2011,123,Drama,8.3,Asghar Farhadi,Movie
Incendies,2010,131,"Drama,Mystery,War",8.3,Denis Villeneuve,Movie
Miracle in cell NO.7,2019,132,Drama,8.3,Mehmet Ada Öztekin,Movie
Babam ve Oglum,2005,112,"Drama,Family",8.3,Çagan Irmak,Movie
Inglourious Basterds,2009,153,"Adventure,Drama,War",8.3,Quentin Tarantino,Movie
Eternal Sunshine of the Spotless Mind,2004,108,"Drama,Romance,Sci-Fi",8.3,Michel Gondry,Movie
Amélie,2001,122,"Comedy,Romance",8.3,Jean-Pierre Jeunet,Movie
Snatch,2000,104,"Comedy,Crime",8.3,Guy Ritchie,Movie
Requiem for a Dream,2000,102,Drama,8.3,Darren Aronofsky,Movie
American Beauty,1999,122,Drama,8.3,Sam Mendes,Movie
Good Will Hunting,1997,126,"Drama,Romance",8.3,Gus Van Sant,Movie
Bacheha-Ye aseman,1997,89,"Drama,Family,Sport",8.3,Majid Majidi,Movie
Toy Story,1995,81,"Animation,Adventure,Comedy",8.3,John Lasseter,Movie
Braveheart,1995,178,"Biography,Drama,History",8.3,Mel Gibson,Movie
Reservoir Dogs,1992,99,"Crime,Drama,Thriller",8.3,Quentin Tarantino,Movie
Full Metal Jacket,1987,116,"Drama,War",8.3,Stanley Kubrick,Movie
Idi i smotri,1985,142,"Drama,Thriller,War",8.3,Elem Klimov,Movie
Aliens,1986,137,"Action,Adventure,Sci-Fi",8.3,James Cameron,Movie
Amadeus,1984,160,"Biography,Drama,History",8.3,Milos Forman,Movie
Scarface,1983,170,"Crime,Drama",8.3,Brian De Palma,Movie
Star Wars: Episode VI - Return of the Jedi,1983,131,"Action,Adventure,Fantasy",8.3,Richard Marquand,Movie
Das Boot,1981,149,"Adventure,Drama,Thriller",8.3,Wolfgang Petersen,Movie
Taxi Driver,1976,114,"Crime,Drama",8.3,Martin Scorsese,Movie
The Sting,1973,129,"Comedy,Crime,Drama",8.3,George Roy Hill,Movie
A Clockwork Orange,1971,136,"Crime,Drama,Sci-Fi",8.3,Stanley Kubrick,Movie
2001: A Space Odyssey,1968,149,"Adventure,Sci-Fi",8.3,Stanley Kubrick,Movie
Per qualche dollaro in più,1965,132,Western,8.3,Sergio Leone,Movie
Lawrence of Arabia,1962,228,"Adventure,Biography,Drama",8.3,David Lean,Movie
The Apartment,1960,125,"Comedy,Drama,Romance",8.3,Billy Wilder,Movie
North by Northwest,1959,136,"Adventure,Mystery,Thriller",8.3,Alfred Hitchcock,Movie
Vertigo,1958,128,"Mystery,Romance,Thriller",8.3,Alfred Hitchcock,Movie
Singin' in the Rain,1952,103,"Comedy,Musical,Romance",8.3,Stanley Donen,Movie
Ikiru,1952,143,Drama,8.3,Akira Kurosawa,Movie
Ladri di biciclette,1948,89,Drama,8.3,Vittorio De Sica,Movie
Double Indemnity,1944,107,"Crime,Drama,Film-Noir",8.3,Billy Wilder,Movie
Citizen Kane,1941,119,"Drama,Mystery",8.3,Orson Welles,Movie
M - Eine Stadt sucht einen Mörder,1931,117,"Crime,Mystery,Thriller",8.3,Fritz Lang,Movie
Metropolis,1927,153,"Drama,Sci-Fi",8.3,Fritz Lang,Movie
The Kid,1921,68,"Comedy,Drama,Family",8.3,Charles Chaplin,Movie
Chhichhore,2019,143,"Comedy,Drama",8.2,Nitesh Tiwari,Movie
Uri: The Surgical Strike,2018,138,"Action,Drama,War",8.2,Aditya Dhar,Movie
K.G.F: Chapter 1,2018,156,"Action,Drama",8.2,Prashanth Neel,Movie
Green Book,2018,130,"Biography,Comedy,Drama",8.2,Peter Farrelly,Movie
"Three Billboards Outside Ebbing, Missouri",2017,115,"Comedy,Crime,Drama",8.2,Martin McDonagh,Movie
Talvar,2015,132,"Crime,Drama,Mystery",8.2,Meghna Gulzar,Movie
Baahubali 2: The Conclusion,2017,167,"Action,Drama",8.2,S.S. Rajamouli,Movie
Klaus,2019,96,"Animation,Adventure,Comedy",8.2,Sergio Pablos,Movie
Drishyam,2015,163,"Crime,Drama,Mystery",8.2,Nishikant Kamat,Movie
Queen,2013,146,"Adventure,Comedy,Drama",8.2,Vikas Bahl,Movie
Mandariinid,2013,87,"Drama,War",8.2,Zaza Urushadze,Movie
Bhaag Milkha Bhaag,2013,186,"Biography,Drama,Sport",8.2,Rakeysh Omprakash Mehra,Movie
Gangs of Wasseypur,2012,321,"Action,Comedy,Crime",8.2,Anurag Kashyap,Movie
Udaan,2010,134,Drama,8.2,Vikramaditya Motwane,Movie
Paan Singh Tomar,2012,135,"Action,Biography,Crime",8.2,Tigmanshu Dhulia,Movie
El secreto de sus ojos,2009,129,"Drama,Mystery,Romance",8.2,Juan José Campanella,Movie
Warrior,2011,140,"Action,Drama,Sport",8.2,Gavin O'Connor,Movie
Shutter Island,2010,138,"Mystery,Thriller",8.2,Martin Scorsese,Movie
Up,2009,96,"Animation,Adventure,Comedy",8.2,Pete Docter,Movie
The Wolf of Wall Street,2013,180,"Biography,Crime,Drama",8.2,Martin Scorsese,Movie
Chak De! India,2007,153,"Drama,Family,Sport",8.2,Shimit Amin,Movie
There Will Be Blood,2007,158,Drama,8.2,Paul Thomas Anderson,Movie
Pan's Labyrinth,2006,118,"Drama,Fantasy,War",8.2,Guillermo del Toro,Movie
Toy Story 3,2010,103,"Animation,Adventure,Comedy",8.2,Lee Unkrich,Movie
V for Vendetta,2005,132,"Action,Drama,Sci-Fi",8.2,James McTeigue,Movie
Rang De Basanti,2006,167,"Comedy,Crime,Drama",8.2,Rakeysh Omprakash Mehra,Movie
Black,2005,122,Drama,8.2,Sanjay Leela Bhansali,Movie
Batman Begins,2005,140,"Action,Adventure",8.2,Christopher Nolan,Movie
"Swades: We, the People",2004,210,Drama,8.2,Ashutosh Gowariker,Movie
Der Untergang,2004,156,"Biography,Drama,History",8.2,Oliver Hirschbiegel,Movie
Hauru no ugoku shiro,2004,119,"Animation,Adventure,Family",8.2,Hayao Miyazaki,Movie
A Beautiful Mind,2001,135,"Biography,Drama",8.2,Ron Howard,Movie
Hera Pheri,2000,156,"Action,Comedy,Crime",8.2,Priyadarshan,Movie
"Lock, Stock and Two Smoking Barrels",1998,107,"Action,Comedy,Crime",8.2,Guy Ritchie,Movie
L.A. Confidential,1997,138,"Crime,Drama,Mystery",8.2,Curtis Hanson,Movie
Eskiya,1996,128,"Crime,Drama,Thriller",8.2,Yavuz Turgul,Movie
Heat,1995,170,"Crime,Drama,Thriller",8.2,Michael Mann,Movie
Casino,1995,178,"Crime,Drama",8.2,Martin Scorsese,Movie
Andaz Apna Apna,1994,160,"Action,Comedy,Romance",8.2,Rajkumar Santoshi,Movie
Unforgiven,1992,130,"Drama,Western",8.2,Clint Eastwood,Movie
Indiana Jones and the Last Crusade,1989,127,"Action,Adventure",8.2,Steven Spielberg,Movie
Dom za vesanje,1988,142,"Comedy,Crime,Drama",8.2,Emir Kusturica,Movie
Tonari no Totoro,1988,86,"Animation,Family,Fantasy",8.2,Hayao Miyazaki,Movie
Die Hard,1988,132,"Action,Thriller",8.2,John McTiernan,Movie
Ran,1985,162,"Action,Drama,War",8.2,Akira Kurosawa,Movie
Raging Bull,1980,129,"Biography,Drama,Sport",8.2,Martin Scorsese,Movie
Stalker,1979,162,"Drama,Sci-Fi",8.2,Andrei Tarkovsky,Movie
Höstsonaten,1978,99,"Drama,Music",8.2,Ingmar Bergman,Movie
The Message,1976,177,"Biography,Drama,History",8.2,Moustapha Akkad,Movie
Sholay,1975,204,"Action,Adventure,Comedy",8.2,Ramesh Sippy,Movie
Monty Python and the Holy Grail,1975,91,"Adventure,Comedy,Fantasy",8.2,Terry Gilliam,Movie
The Great Escape,1963,172,"Adventure,Drama,History",8.2,John Sturges,Movie
To Kill a Mockingbird,1962,129,"Crime,Drama",8.2,Robert Mulligan,Movie
Yôjinbô,1961,110,"Action,Drama,Thriller",8.2,Akira Kurosawa,Movie
Judgment at Nuremberg,1961,179,"Drama,War",8.2,Stanley Kramer,Movie
Some Like It Hot,1959,121,"Comedy,Music,Romance",8.2,Billy Wilder,Movie
Smultronstället,1957,91,"Drama,Romance",8.2,Ingmar Bergman,Movie
Det sjunde inseglet,1957,96,"Drama,Fantasy,History",8.2,Ingmar Bergman,Movie
Du rififi chez les hommes,1955,118,"Crime,Drama,Thriller",8.2,Jules Dassin,Movie
Dial M for Murder,1954,105,"Crime,Thriller",8.2,Alfred Hitchcock,Movie
Tôkyô monogatari,1953,136,Drama,8.2,Yasujirô Ozu,Movie
Rashômon,1950,88,"Crime,Drama,Mystery",8.2,Akira Kurosawa,Movie
All About Eve,1950,138,Drama,8.2,Joseph L. Mankiewicz,Movie
The Treasure of the Sierra Madre,1948,126,"Adventure,Drama,Western",8.2,John Huston,Movie
To Be or Not to Be,1942,99,"Comedy,War",8.2,Ernst Lubitsch,Movie
The Gold Rush,1925,95,"Adventure,Comedy,Drama",8.2,Charles Chaplin,Movie
Sherlock Jr.,1924,45,"Action,Comedy,Romance",8.2,Buster Keaton,Movie
Portrait de la jeune fille en feu,2019,122,"Drama,Romance",8.1,Céline Sciamma,Movie
Pink,2016,136,"Drama,Thriller",8.1,Aniruddha Roy Chowdhury,Movie
Koe no katachi,2016,130,"Animation,Drama,Family",8.1,Naoko Yamada,Movie
Contratiempo,2016,106,"Crime,Drama,Mystery",8.1,Oriol Paulo,Movie
Ah-ga-ssi,2016,145,"Drama,Romance,Thriller",8.1,Chan-wook Park,Movie
Mommy,2014,139,Drama,8.1,Xavier Dolan,Movie
Haider,2014,160,"Action,Crime,Drama",8.1,Vishal Bhardwaj,Movie
Logan,2017,137,"Action,Drama,Sci-Fi",8.1,James Mangold,Movie
Room,2015,118,"Drama,Thriller",8.1,Lenny Abrahamson,Movie
Relatos salvajes,2014,122,"Comedy,Drama,Thriller",8.1,Damián Szifron,Movie
Soul,2020,100,"Animation,Adventure,Comedy",8.1,Pete Docter,Movie
Kis Uykusu,2014,196,Drama,8.1,Nuri Bilge Ceylan,Movie
PK,2014,153,"Comedy,Drama,Musical",8.1,Rajkumar Hirani,Movie
OMG: Oh My God!,2012,125,"Comedy,Drama,Fantasy",8.1,Umesh Shukla,Movie
The Grand Budapest Hotel,2014,99,"Adventure,Comedy,Crime",8.1,Wes Anderson,Movie
Gone Girl,2014,149,"Drama,Mystery,Thriller",8.1,David Fincher,Movie
Ôkami kodomo no Ame to Yuki,2012,117,"Animation,Drama,Fantasy",8.1,Mamoru Hosoda,Movie
Hacksaw Ridge,2016,139,"Biography,Drama,History",8.1,Mel Gibson,Movie
Inside Out,2015,95,"Animation,Adventure,Comedy",8.1,Pete Docter,Movie
Barfi!,2012,151,"Comedy,Drama,Romance",8.1,Anurag Basu,Movie
12 Years a Slave,2013,134,"Biography,Drama,History",8.1,Steve McQueen,Movie
Rush,2013,123,"Action,Biography,Drama",8.1,Ron Howard,Movie
Ford v Ferrari,2019,152,"Action,Biography,Drama",8.1,James Mangold,Movie
Spotlight,2015,129,"Biography,Crime,Drama",8.1,Tom McCarthy,Movie
Song of the Sea,2014,93,"Animation,Adventure,Drama",8.1,Tomm Moore,Movie
Kahaani,2012,122,"Mystery,Thriller",8.1,Sujoy Ghosh,Movie
Zindagi Na Milegi Dobara,2011,155,"Comedy,Drama",8.1,Zoya Akhtar,Movie
Prisoners,2013,153,"Crime,Drama,Mystery",8.1,Denis Villeneuve,Movie
Mad Max: Fury Road,2015,120,"Action,Adventure,Sci-Fi",8.1,George Miller,Movie
A Wednesday,2008,104,"Action,Crime,Drama",8.1,Neeraj Pandey,Movie
Gran Torino,2008,116,Drama,8.1,Clint Eastwood,Movie
Harry Potter and the Deathly Hallows: Part 2,2011,130,"Adventure,Drama,Fantasy",8.1,David Yates,Movie
Okuribito,2008,130,"Drama,Music",8.1,Yôjirô Takita,Movie
Hachi: A Dog's Tale,2009,93,"Biography,Drama,Family",8.1,Lasse Hallström,Movie
Mary and Max,2009,92,"Animation,Comedy,Drama",8.1,Adam Elliot,Movie
How to Train Your Dragon,2010,98,"Animation,Action,Adventure",8.1,Dean DeBlois,Movie
Into the Wild,2007,148,"Adventure,Biography,Drama",8.1,Sean Penn,Movie
No Country for Old Men,2007,122,"Crime,Drama,Thriller",8.1,Ethan Coen,Movie
Lage Raho Munna Bhai,2006,144,"Comedy,Drama,Romance",8.1,Rajkumar Hirani,Movie
Million Dollar Baby,2004,132,"Drama,Sport",8.1,Clint Eastwood,Movie
Hotel Rwanda,2004,121,"Biography,Drama,History",8.1,Terry George,Movie
Taegukgi hwinalrimyeo,2004,140,"Action,Drama,War",8.1,Je-kyu Kang,Movie
Before Sunset,2004,80,"Drama,Romance",8.1,Richard Linklater,Movie
Munna Bhai M.B.B.S.,2003,156,"Comedy,Drama,Musical",8.1,Rajkumar Hirani,Movie
Salinui chueok,2003,131,"Crime,Drama,Mystery",8.1,Bong Joon Ho,Movie
Dil Chahta Hai,2001,183,"Comedy,Drama,Romance",8.1,Farhan Akhtar,Movie
Kill Bill: Vol. 1,2003,111,"Action,Crime,Drama",8.1,Quentin Tarantino,Movie
Finding Nemo,2003,100,"Animation,Adventure,Comedy",8.1,Andrew Stanton,Movie
Catch Me If You Can,2002,141,"Biography,Crime,Drama",8.1,Steven Spielberg,Movie
Amores perros,2000,154,"Drama,Thriller",8.1,Alejandro G. Iñárritu,Movie
"Monsters, Inc.",2001,92,"Animation,Adventure,Comedy",8.1,Pete Docter,Movie
"Shin seiki Evangelion Gekijô-ban: Air/Magokoro wo, kimi ni",1997,87,"Animation,Action,Drama",8.1,Hideaki Anno,Movie
Lagaan: Once Upon a Time in India,2001,224,"Adventure,Drama,Musical",8.1,Ashutosh Gowariker,Movie
The Sixth Sense,1999,107,"Drama,Mystery,Thriller",8.1,M. Night Shyamalan,Movie
La leggenda del pianista sull'oceano,1998,169,"Drama,Music,Romance",8.1,Giuseppe Tornatore,Movie
The Truman Show,1998,103,"Comedy,Drama",8.1,Peter Weir,Movie
"Crna macka, beli macor",1998,127,"Comedy,Crime,Romance",8.1,Emir Kusturica,Movie
The Big Lebowski,1998,117,"Comedy,Crime,Sport",8.1,Joel Coen,Movie
Fa yeung nin wah,2000,98,"Drama,Romance",8.1,Kar-Wai Wong,Movie
Trainspotting,1996,93,Drama,8.1,Danny Boyle,Movie
Fargo,1996,98,"Crime,Drama,Thriller",8.1,Joel Coen,Movie
Underground,1995,170,"Comedy,Drama,War",8.1,Emir Kusturica,Movie
La haine,1995,98,"Crime,Drama",8.1,Mathieu Kassovitz,Movie
Dilwale Dulhania Le Jayenge,1995,189,"Drama,Romance",8.1,Aditya Chopra,Movie
Before Sunrise,1995,101,"Drama,Romance",8.1,Richard Linklater,Movie
Trois couleurs: Rouge,1994,99,"Drama,Mystery,Romance",8.1,Krzysztof Kieslowski,Movie
Chung Hing sam lam,1994,102,"Comedy,Crime,Drama",8.1,Kar-Wai Wong,Movie
Jurassic Park,1993,127,"Action,Adventure,Sci-Fi",8.1,Steven Spielberg,Movie
In the Name of the Father,1993,133,"Biography,Crime,Drama",8.1,Jim Sheridan,Movie
Ba wang bie ji,1993,171,"Drama,Music,Romance",8.1,Kaige Chen,Movie
Dà hóng denglong gaogao guà,1991,125,"Drama,History,Romance",8.1,Yimou Zhang,Movie
Dead Poets Society,1989,128,"Comedy,Drama",8.1,Peter Weir,Movie
Stand by Me,1986,89,"Adventure,Drama",8.1,Rob Reiner,Movie
Platoon,1986,120,"Drama,War",8.1,Oliver Stone,Movie
"Paris, Texas",1984,145,Drama,8.1,Wim Wenders,Movie
Kaze no tani no Naushika,1984,117,"Animation,Adventure,Fantasy",8.1,Hayao Miyazaki,Movie
The Thing,1982,109,"Horror,Mystery,Sci-Fi",8.1,John Carpenter,Movie
Pink Floyd: The Wall,1982,95,"Drama,Fantasy,Music",8.1,Alan Parker,Movie
Fitzcarraldo,1982,158,"Adventure,Drama",8.1,Werner Herzog,Movie
Fanny och Alexander,1982,188,Drama,8.1,Ingmar Bergman,Movie
Blade Runner,1982,117,"Action,Sci-Fi,Thriller",8.1,Ridley Scott,Movie
The Elephant Man,1980,124,"Biography,Drama",8.1,David Lynch,Movie
Life of Brian,1979,94,Comedy,8.1,Terry Jones,Movie
The Deer Hunter,1978,183,"Drama,War",8.1,Michael Cimino,Movie
Rocky,1976,120,"Drama,Sport",8.1,John G. Avildsen,Movie
Network,1976,121,Drama,8.1,Sidney Lumet,Movie
Barry Lyndon,1975,185,"Adventure,Drama,History",8.1,Stanley Kubrick,Movie
Zerkalo,1975,107,"Biography,Drama",8.1,Andrei Tarkovsky,Movie
Chinatown,1974,130,"Drama,Mystery,Thriller",8.1,Roman Polanski,Movie
Paper Moon,1973,102,"Comedy,Crime,Drama",8.1,Peter Bogdanovich,Movie
Viskningar och rop,1972,91,Drama,8.1,Ingmar Bergman,Movie
Solaris,1972,167,"Drama,Mystery,Sci-Fi",8.1,Andrei Tarkovsky,Movie
Le samouraï,1967,105,"Crime,Drama,Mystery",8.1,Jean-Pierre Melville,Movie
Cool Hand Luke,1967,127,"Crime,Drama",8.1,Stuart Rosenberg,Movie
Persona,1966,85,"Drama,Thriller",8.1,Ingmar Bergman,Movie
Andrei Rublev,1966,205,"Biography,Drama,History",8.1,Andrei Tarkovsky,Movie
La battaglia di Algeri,1966,121,"Drama,War",8.1,Gillo Pontecorvo,Movie
El ángel exterminador,1962,95,"Drama,Fantasy",8.1,Luis Buñuel,Movie
What Ever Happened to Baby Jane?,1962,134,"Drama,Horror,Thriller",8.1,Robert Aldrich,Movie
Sanjuro,1962,96,"Action,Comedy,Crime",8.1,Akira Kurosawa,Movie
The Man Who Shot Liberty Valance,1962,123,"Drama,Western",8.1,John Ford,Movie
Ivanovo detstvo,1962,95,"Drama,War",8.1,Andrei Tarkovsky,Movie
Jungfrukällan,1960,89,Drama,8.1,Ingmar Bergman,Movie
Inherit the Wind,1960,128,"Biography,Drama,History",8.1,Stanley Kramer,Movie
Les quatre cents coups,1959,99,"Crime,Drama",8.1,François Truffaut,Movie
Ben-Hur,1959,212,"Adventure,Drama,History",8.1,William Wyler,Movie
Kakushi-toride no san-akunin,1958,139,"Adventure,Drama",8.1,Akira Kurosawa,Movie
Le notti di Cabiria,1957,110,Drama,8.1,Federico Fellini,Movie
Kumonosu-jô,1957,110,"Drama,History",8.1,Akira Kurosawa,Movie
The Bridge on the River Kwai,1957,161,"Adventure,Drama,War",8.1,David Lean,Movie
On the Waterfront,1954,108,"Crime,Drama,Thriller",8.1,Elia Kazan,Movie
Le salaire de la peur,1953,131,"Adventure,Drama,Thriller",8.1,Henri-Georges Clouzot,Movie
Ace in the Hole,1951,111,"Drama,Film-Noir",8.1,Billy Wilder,Movie
White Heat,1949,114,"Action,Crime,Drama",8.1,Raoul Walsh,Movie
The Third Man,1949,104,"Film-Noir,Mystery,Thriller",8.1,Carol Reed,Movie
The Red Shoes,1948,135,"Drama,Music,Romance",8.1,Michael Powell,Movie
The Shop Around the Corner,1940,99,"Comedy,Drama,Romance",8.1,Ernst Lubitsch,Movie
Rebecca,1940,130,"Drama,Mystery,Romance",8.1,Alfred Hitchcock,Movie
Mr. Smith Goes to Washington,1939,129,"Comedy,Drama",8.1,Frank Capra,Movie
Gone with the Wind,1939,238,"Drama,History,Romance",8.1,Victor Fleming,Movie
La Grande Illusion,1937,113,"Drama,War",8.1,Jean Renoir,Movie
It Happened One Night,1934,105,"Comedy,Romance",8.1,Frank Capra,Movie
La passion de Jeanne d'Arc,1928,110,"Biography,Drama,History",8.1,Carl Theodor Dreyer,Movie
The Circus,1928,72,"Comedy,Romance",8.1,Charles Chaplin,Movie
Sunrise: A Song of Two Humans,1927,94,"Drama,Romance",8.1,F.W. Murnau,Movie
The General,1926,67,"Action,Adventure,Comedy",8.1,Clyde Bruckman,Movie
Das Cabinet des Dr. Caligari,1920,76,"Fantasy,Horror,Mystery",8.1,Robert Wiene,Movie
Badhaai ho,2018,124,"Comedy,Drama",8.0,Amit Ravindernath Sharma,Movie
Togo,2019,113,"Adventure,Biography,Drama",8.0,Ericson Core,Movie
Airlift,2016,130,"Drama,History",8.0,Raja Menon,Movie
Bajrangi Bhaijaan,2015,163,"Action,Adventure,Comedy",8.0,Kabir Khan,Movie
Baby,2015,159,"Action,Crime,Thriller",8.0,Neeraj Pandey,Movie
La La Land,2016,128,"Comedy,Drama,Music",8.0,Damien Chazelle,Movie
Lion,2016,118,"Biography,Drama",8.0,Garth Davis,Movie
The Martian,2015,144,"Adventure,Drama,Sci-Fi",8.0,Ridley Scott,Movie
Zootopia,2016,108,"Animation,Adventure,Comedy",8.0,Byron Howard,Movie
Bãhubali: The Beginning,2015,159,"Action,Drama",8.0,S.S. Rajamouli,Movie
Kaguyahime no monogatari,2013,137,"Animation,Adventure,Drama",8.0,Isao Takahata,Movie
Wonder,2017,113,"Drama,Family",8.0,Stephen Chbosky,Movie
Gully Boy,2019,154,"Drama,Music,Romance",8.0,Zoya Akhtar,Movie
Special Chabbis,2013,144,"Crime,Drama,Thriller",8.0,Neeraj Pandey,Movie
Short Term 12,2013,96,Drama,8.0,Destin Daniel Cretton,Movie
Serbuan maut 2: Berandal,2014,150,"Action,Crime,Thriller",8.0,Gareth Evans,Movie
The Imitation Game,2014,114,"Biography,Drama,Thriller",8.0,Morten Tyldum,Movie
Guardians of the Galaxy,2014,121,"Action,Adventure,Comedy",8.0,James Gunn,Movie
Blade Runner 2049,2017,164,"Action,Drama,Mystery",8.0,Denis Villeneuve,Movie
Her,2013,126,"Drama,Romance,Sci-Fi",8.0,Spike Jonze,Movie
Bohemian Rhapsody,2018,134,"Biography,Drama,Music",8.0,Bryan Singer,Movie
The Revenant,2015,156,"Action,Adventure,Drama",8.0,Alejandro G. Iñárritu,Movie
The Perks of Being a Wallflower,2012,103,"Drama,Romance",8.0,Stephen Chbosky,Movie
Tropa de Elite 2: O Inimigo Agora é Outro,2010,115,"Action,Crime,Drama",8.0,José Padilha,Movie
The King's Speech,2010,118,"Biography,Drama,History",8.0,Tom Hooper,Movie
The Help,2011,146,Drama,8.0,Tate Taylor,Movie
Deadpool,2016,108,"Action,Adventure,Comedy",8.0,Tim Miller,Movie
Darbareye Elly,2009,119,"Drama,Mystery",8.0,Asghar Farhadi,Movie
Dev.D,2009,144,"Drama,Romance",8.0,Anurag Kashyap,Movie
Yip Man,2008,106,"Action,Biography,Drama",8.0,Wilson Yip,Movie
My Name Is Khan,2010,165,Drama,8.0,Karan Johar,Movie
Nefes: Vatan Sagolsun,2009,128,"Action,Drama,Thriller",8.0,Levent Semerci,Movie
Slumdog Millionaire,2008,120,"Drama,Romance",8.0,Danny Boyle,Movie
Black Swan,2010,108,"Drama,Thriller",8.0,Darren Aronofsky,Movie
Tropa de Elite,2007,115,"Action,Crime,Drama",8.0,José Padilha,Movie
The Avengers,2012,143,"Action,Adventure,Sci-Fi",8.0,Joss Whedon,Movie
Persepolis,2007,96,"Animation,Biography,Drama",8.0,Vincent Paronnaud,Movie
Dallas Buyers Club,2013,117,"Biography,Drama",8.0,Jean-Marc Vallée,Movie
The Pursuit of Happyness,2006,117,"Biography,Drama",8.0,Gabriele Muccino,Movie
Blood Diamond,2006,143,"Adventure,Drama,Thriller",8.0,Edward Zwick,Movie
The Bourne Ultimatum,2007,115,"Action,Mystery,Thriller",8.0,Paul Greengrass,Movie
Bin-jip,2004,88,"Crime,Drama,Romance",8.0,Ki-duk Kim,Movie
Sin City,2005,124,"Crime,Thriller",8.0,Frank Miller,Movie
Le scaphandre et le papillon,2007,112,"Biography,Drama",8.0,Julian Schnabel,Movie
G.O.R.A.,2004,127,"Adventure,Comedy,Sci-Fi",8.0,Ömer Faruk Sorak,Movie
Ratatouille,2007,111,"Animation,Adventure,Comedy",8.0,Brad Bird,Movie
Casino Royale,2006,144,"Action,Adventure,Thriller",8.0,Martin Campbell,Movie
Kill Bill: Vol. 2,2004,137,"Action,Crime,Thriller",8.0,Quentin Tarantino,Movie
Vozvrashchenie,2003,110,Drama,8.0,Andrey Zvyagintsev,Movie
Bom Yeoareum Gaeul Gyeoul Geurigo Bom,2003,103,"Drama,Romance",8.0,Ki-duk Kim,Movie
Mar adentro,2014,126,"Biography,Drama",8.0,Alejandro Amenábar,Movie
Cinderella Man,2005,144,"Biography,Drama,History",8.0,Ron Howard,Movie
Kal Ho Naa Ho,2003,186,"Comedy,Drama,Musical",8.0,Nikkhil Advani,Movie
Mou gaan dou,2002,101,"Action,Crime,Drama",8.0,Andrew Lau,Movie
Pirates of the Caribbean: The Curse of the Black Pearl,2003,143,"Action,Adventure,Fantasy",8.0,Gore Verbinski,Movie
Big Fish,2003,125,"Adventure,Drama,Fantasy",8.0,Tim Burton,Movie
The Incredibles,2004,115,"Animation,Action,Adventure",8.0,Brad Bird,Movie
Yeopgijeogin geunyeo,2001,137,"Comedy,Drama,Romance",8.0,Jae-young Kwak,Movie
Dogville,2003,178,"Crime,Drama",8.0,Lars von Trier,Movie
Vizontele,2001,110,"Comedy,Drama",8.0,Yilmaz Erdogan,Movie
Donnie Darko,2001,113,"Drama,Mystery,Sci-Fi",8.0,Richard Kelly,Movie
Magnolia,1999,188,Drama,8.0,Paul Thomas Anderson,Movie
Dancer in the Dark,2000,140,"Crime,Drama,Musical",8.0,Lars von Trier,Movie
The Straight Story,1999,112,"Biography,Drama",8.0,David Lynch,Movie
Pâfekuto burû,1997,81,"Animation,Crime,Mystery",8.0,Satoshi Kon,Movie
Festen,1998,105,Drama,8.0,Thomas Vinterberg,Movie
Central do Brasil,1998,110,Drama,8.0,Walter Salles,Movie
The Iron Giant,1999,86,"Animation,Action,Adventure",8.0,Brad Bird,Movie
Knockin' on Heaven's Door,1997,87,"Action,Crime,Comedy",8.0,Thomas Jahn,Movie
Sling Blade,1996,135,Drama,8.0,Billy Bob Thornton,Movie
Secrets & Lies,1996,136,"Comedy,Drama",8.0,Mike Leigh,Movie
Twelve Monkeys,1995,129,"Mystery,Sci-Fi,Thriller",8.0,Terry Gilliam,Movie
Kôkaku Kidôtai,1995,83,"Animation,Action,Crime",8.0,Mamoru Oshii,Movie
The Nightmare Before Christmas,1993,76,"Animation,Family,Fantasy",8.0,Henry Selick,Movie
Groundhog Day,1993,101,"Comedy,Fantasy,Romance",8.0,Harold Ramis,Movie
Bound by Honor,1993,180,"Crime,Drama",8.0,Taylor Hackford,Movie
Scent of a Woman,1992,156,Drama,8.0,Martin Brest,Movie
Aladdin,1992,90,"Animation,Adventure,Comedy",8.0,Ron Clements,Movie
JFK,1991,189,"Drama,History,Thriller",8.0,Oliver Stone,Movie
Beauty and the Beast,1991,84,"Animation,Family,Fantasy",8.0,Gary Trousdale,Movie
Dances with Wolves,1990,181,"Adventure,Drama,Western",8.0,Kevin Costner,Movie
Do the Right Thing,1989,120,"Comedy,Drama",8.0,Spike Lee,Movie
Rain Man,1988,133,Drama,8.0,Barry Levinson,Movie
Akira,1988,124,"Animation,Action,Sci-Fi",8.0,Katsuhiro Ôtomo,Movie
The Princess Bride,1987,98,"Adventure,Family,Fantasy",8.0,Rob Reiner,Movie
Der Himmel über Berlin,1987,128,"Drama,Fantasy,Romance",8.0,Wim Wenders,Movie
Au revoir les enfants,1987,104,"Drama,War",8.0,Louis Malle,Movie
Tenkû no shiro Rapyuta,1986,125,"Animation,Adventure,Drama",8.0,Hayao Miyazaki,Movie
The Terminator,1984,107,"Action,Sci-Fi",8.0,James Cameron,Movie
Gandhi,1982,191,"Biography,Drama,History",8.0,Richard Attenborough,Movie
Kagemusha,1980,180,"Drama,History,War",8.0,Akira Kurosawa,Movie
Being There,1979,130,"Comedy,Drama",8.0,Hal Ashby,Movie
Annie Hall,1977,93,"Comedy,Romance",8.0,Woody Allen,Movie
Jaws,1975,124,"Adventure,Thriller",8.0,Steven Spielberg,Movie
Dog Day Afternoon,1975,125,"Biography,Crime,Drama",8.0,Sidney Lumet,Movie
Young Frankenstein,1974,106,Comedy,8.0,Mel Brooks,Movie
Papillon,1973,151,"Biography,Crime,Drama",8.0,Franklin J. Schaffner,Movie
The Exorcist,1973,122,Horror,8.0,William Friedkin,Movie
Sleuth,1972,138,"Mystery,Thriller",8.0,Joseph L. Mankiewicz,Movie
The Last Picture Show,1971,118,"Drama,Romance",8.0,Peter Bogdanovich,Movie
Fiddler on the Roof,1971,181,"Drama,Family,Musical",8.0,Norman Jewison,Movie
Il conformista,1970,113,Drama,8.0,Bernardo Bertolucci,Movie
Butch Cassidy and the Sundance Kid,1969,110,"Biography,Crime,Drama",8.0,George Roy Hill,Movie
Rosemary's Baby,1968,137,"Drama,Horror",8.0,Roman Polanski,Movie
Planet of the Apes,1968,112,"Adventure,Sci-Fi",8.0,Franklin J. Schaffner,Movie
The Graduate,1967,106,"Comedy,Drama,Romance",8.0,Mike Nichols,Movie
Who's Afraid of Virginia Woolf?,1966,131,Drama,8.0,Mike Nichols,Movie
The Sound of Music,1965,172,"Biography,Drama,Family",8.0,Robert Wise,Movie
Doctor Zhivago,1965,197,"Drama,Romance,War",8.0,David Lean,Movie
Per un pugno di dollari,1964,99,"Action,Drama,Western",8.0,Sergio Leone,Movie
8½,1963,138,Drama,8.0,Federico Fellini,Movie
Vivre sa vie: Film en douze tableaux,1962,80,Drama,8.0,Jean-Luc Godard,Movie
The Hustler,1961,134,"Drama,Sport",8.0,Robert Rossen,Movie
La dolce vita,1960,174,"Comedy,Drama",8.0,Federico Fellini,Movie
Rio Bravo,1959,141,"Action,Drama,Western",8.0,Howard Hawks,Movie
Anatomy of a Murder,1959,161,"Crime,Drama,Mystery",8.0,Otto Preminger,Movie
Touch of Evil,1958,95,"Crime,Drama,Film-Noir",8.0,Orson Welles,Movie
Cat on a Hot Tin Roof,1958,108,Drama,8.0,Richard Brooks,Movie
Sweet Smell of Success,1957,96,"Drama,Film-Noir",8.0,Alexander Mackendrick,Movie
The Killing,1956,84,"Crime,Drama,Film-Noir",8.0,Stanley Kubrick,Movie
The Night of the Hunter,1955,92,"Crime,Drama,Film-Noir",8.0,Charles Laughton,Movie
La Strada,1954,108,Drama,8.0,Federico Fellini,Movie
Les diaboliques,1955,117,"Crime,Drama,Horror",8.0,Henri-Georges Clouzot,Movie
Stalag 17,1953,120,"Comedy,Drama,War",8.0,Billy Wilder,Movie
Roman Holiday,1953,118,"Comedy,Romance",8.0,William Wyler,Movie
A Streetcar Named Desire,1951,122,Drama,8.0,Elia Kazan,Movie
In a Lonely Place,1950,94,"Drama,Film-Noir,Mystery",8.0,Nicholas Ray,Movie
Kind Hearts and Coronets,1949,106,"Comedy,Crime",8.0,Robert Hamer,Movie
Rope,1948,80,"Crime,Drama,Mystery",8.0,Alfred Hitchcock,Movie
Out of the Past,1947,97,"Crime,Drama,Film-Noir",8.0,Jacques Tourneur,Movie
Brief Encounter,1945,86,"Drama,Romance",8.0,David Lean,Movie
Laura,1944,88,"Drama,Film-Noir,Mystery",8.0,Otto Preminger,Movie
The Best Years of Our Lives,1946,170,"Drama,Romance,War",8.0,William Wyler,Movie
Arsenic and Old Lace,1942,118,"Comedy,Crime,Thriller",8.0,Frank Capra,Movie
The Maltese Falcon,1941,100,"Film-Noir,Mystery",8.0,John Huston,Movie
The Grapes of Wrath,1940,129,"Drama,History",8.0,John Ford,Movie
The Wizard of Oz,1939,102,"Adventure,Family,Fantasy",8.0,Victor Fleming,Movie
La règle du jeu,1939,110,"Comedy,Drama",8.0,Jean Renoir,Movie
The Thin Man,1934,91,"Comedy,Crime,Mystery",8.0,W.S. Van Dyke,Movie
All Quiet on the Western Front,1930,152,"Drama,War",8.0,Lewis Milestone,Movie
Bronenosets Potemkin,1925,75,"Drama,History,Thriller",8.0,Sergei M. Eisenstein,Movie
Knives Out,2019,130,"Comedy,Crime,Drama",7.9,Rian Johnson,Movie
Dil Bechara,2020,101,"Comedy,Drama,Romance",7.9,Mukesh Chhabra,Movie
Manbiki kazoku,2018,121,"Crime,Drama",7.9,Hirokazu Koreeda,Movie
Marriage Story,2019,137,"Comedy,Drama,Romance",7.9,Noah Baumbach,Movie
Call Me by Your Name,2017,132,"Drama,Romance",7.9,Luca Guadagnino,Movie
"I, Daniel Blake",2016,100,Drama,7.9,Ken Loach,Movie
Isle of Dogs,2018,101,"Animation,Adventure,Comedy",7.9,Wes Anderson,Movie
Hunt for the Wilderpeople,2016,101,"Adventure,Comedy,Drama",7.9,Taika Waititi,Movie
Captain Fantastic,2016,118,"Comedy,Drama",7.9,Matt Ross,Movie
Sing Street,2016,106,"Comedy,Drama,Music",7.9,John Carney,Movie
Thor: Ragnarok,2017,130,"Action,Adventure,Comedy",7.9,Taika Waititi,Movie
Nightcrawler,2014,117,"Crime,Drama,Thriller",7.9,Dan Gilroy,Movie
Jojo Rabbit,2019,108,"Comedy,Drama,War",7.9,Taika Waititi,Movie
Arrival,2016,116,"Drama,Sci-Fi",7.9,Denis Villeneuve,Movie
Star Wars: Episode VII - The Force Awakens,2015,138,"Action,Adventure,Sci-Fi",7.9,J.J. Abrams,Movie
Before Midnight,2013,109,"Drama,Romance",7.9,Richard Linklater,Movie
X-Men: Days of Future Past,2014,132,"Action,Adventure,Sci-Fi",7.9,Bryan Singer,Movie
Bir Zamanlar Anadolu'da,2011,157,"Crime,Drama",7.9,Nuri Bilge Ceylan,Movie
The Artist,2011,100,"Comedy,Drama,Romance",7.9,Michel Hazanavicius,Movie
Edge of Tomorrow,2014,113,"Action,Adventure,Sci-Fi",7.9,Doug Liman,Movie
Amour,2012,127,"Drama,Romance",7.9,Michael Haneke,Movie
The Irishman,2019,209,"Biography,Crime,Drama",7.9,Martin Scorsese,Movie
Un prophète,2009,155,"Crime,Drama",7.9,Jacques Audiard,Movie
Moon,2009,97,"Drama,Mystery,Sci-Fi",7.9,Duncan Jones,Movie
Låt den rätte komma in,2008,114,"Crime,Drama,Fantasy",7.9,Tomas Alfredson,Movie
District 9,2009,112,"Action,Sci-Fi,Thriller",7.9,Neill Blomkamp,Movie
The Wrestler,2008,109,"Drama,Sport",7.9,Darren Aronofsky,Movie
Jab We Met,2007,138,"Comedy,Drama,Romance",7.9,Imtiaz Ali,Movie
Boyhood,2014,165,Drama,7.9,Richard Linklater,Movie
"4 luni, 3 saptamâni si 2 zile",2007,113,Drama,7.9,Cristian Mungiu,Movie
Star Trek,2009,127,"Action,Adventure,Sci-Fi",7.9,J.J. Abrams,Movie
In Bruges,2008,107,"Comedy,Crime,Drama",7.9,Martin McDonagh,Movie
The Man from Earth,2007,87,"Drama,Fantasy,Mystery",7.9,Richard Schenkman,Movie
Letters from Iwo Jima,2006,141,"Action,Adventure,Drama",7.9,Clint Eastwood,Movie
The Fall,2006,117,"Adventure,Drama,Fantasy",7.9,Tarsem Singh,Movie
Life of Pi,2012,127,"Adventure,Drama,Fantasy",7.9,Ang Lee,Movie
Fantastic Mr. Fox,2009,87,"Animation,Adventure,Comedy",7.9,Wes Anderson,Movie
C.R.A.Z.Y.,2005,129,"Comedy,Drama",7.9,Jean-Marc Vallée,Movie
Les choristes,2004,97,"Drama,Music",7.9,Christophe Barratier,Movie
Iron Man,2008,126,"Action,Adventure,Sci-Fi",7.9,Jon Favreau,Movie
Shaun of the Dead,2004,99,"Comedy,Horror",7.9,Edgar Wright,Movie
Gegen die Wand,2004,121,"Drama,Romance",7.9,Fatih Akin,Movie
Mystic River,2003,138,"Crime,Drama,Mystery",7.9,Clint Eastwood,Movie
Harry Potter and the Prisoner of Azkaban,2004,142,"Adventure,Family,Fantasy",7.9,Alfonso Cuarón,Movie
Ying xiong,2002,120,"Action,Adventure,History",7.9,Yimou Zhang,Movie
Hable con ella,2002,112,"Drama,Mystery,Romance",7.9,Pedro Almodóvar,Movie
No Man's Land,2001,98,"Comedy,Drama,War",7.9,Danis Tanovic,Movie
Cowboy Bebop: Tengoku no tobira,2001,115,"Animation,Action,Crime",7.9,Shin'ichirô Watanabe,Movie
The Bourne Identity,2002,119,"Action,Mystery,Thriller",7.9,Doug Liman,Movie
Nueve reinas,2000,114,"Crime,Drama,Thriller",7.9,Fabián Bielinsky,Movie
Children of Men,2006,109,"Adventure,Drama,Sci-Fi",7.9,Alfonso Cuarón,Movie
Almost Famous,2000,122,"Adventure,Comedy,Drama",7.9,Cameron Crowe,Movie
Mulholland Dr.,2001,147,"Drama,Mystery,Thriller",7.9,David Lynch,Movie
Toy Story 2,1999,92,"Animation,Adventure,Comedy",7.9,John Lasseter,Movie
Boogie Nights,1997,155,Drama,7.9,Paul Thomas Anderson,Movie
Mimi wo sumaseba,1995,111,"Animation,Drama,Family",7.9,Yoshifumi Kondô,Movie
Once Were Warriors,1994,102,"Crime,Drama",7.9,Lee Tamahori,Movie
True Romance,1993,119,"Crime,Drama,Romance",7.9,Tony Scott,Movie
Trois couleurs: Bleu,1993,94,"Drama,Music,Mystery",7.9,Krzysztof Kieslowski,Movie
Jûbê ninpûchô,1993,94,"Animation,Action,Adventure",7.9,Yoshiaki Kawajiri,Movie
Carlito's Way,1993,144,"Crime,Drama,Thriller",7.9,Brian De Palma,Movie
Edward Scissorhands,1990,105,"Drama,Fantasy,Romance",7.9,Tim Burton,Movie
My Left Foot: The Story of Christy Brown,1989,103,"Biography,Drama",7.9,Jim Sheridan,Movie
Crimes and Misdemeanors,1989,104,"Comedy,Drama",7.9,Woody Allen,Movie
The Untouchables,1987,119,"Crime,Drama,Thriller",7.9,Brian De Palma,Movie
Hannah and Her Sisters,1986,107,"Comedy,Drama",7.9,Woody Allen,Movie
Brazil,1985,132,"Drama,Sci-Fi",7.9,Terry Gilliam,Movie
This Is Spinal Tap,1984,82,"Comedy,Music",7.9,Rob Reiner,Movie
A Christmas Story,1983,93,"Comedy,Family",7.9,Bob Clark,Movie
The Blues Brothers,1980,133,"Action,Adventure,Comedy",7.9,John Landis,Movie
Manhattan,1979,96,"Comedy,Drama,Romance",7.9,Woody Allen,Movie
All That Jazz,1979,123,"Drama,Music,Musical",7.9,Bob Fosse,Movie
Dawn of the Dead,1978,127,"Action,Adventure,Horror",7.9,George A. Romero,Movie
All the President's Men,1976,138,"Biography,Drama,History",7.9,Alan J. Pakula,Movie
La montaña sagrada,1973,114,"Adventure,Drama,Fantasy",7.9,Alejandro Jodorowsky,Movie
Amarcord,1973,123,"Comedy,Drama,Family",7.9,Federico Fellini,Movie
Le charme discret de la bourgeoisie,1972,102,Comedy,7.9,Luis Buñuel,Movie
"Aguirre, der Zorn Gottes",1972,95,"Action,Adventure,Biography",7.9,Werner Herzog,Movie
Harold and Maude,1971,91,"Comedy,Drama,Romance",7.9,Hal Ashby,Movie
Patton,1970,172,"Biography,Drama,War",7.9,Franklin J. Schaffner,Movie
The Wild Bunch,1969,145,"Action,Adventure,Western",7.9,Sam Peckinpah,Movie
Night of the Living Dead,1968,96,"Horror,Thriller",7.9,George A. Romero,Movie
The Lion in Winter,1968,134,"Biography,Drama,History",7.9,Anthony Harvey,Movie
In the Heat of the Night,1967,110,"Crime,Drama,Mystery",7.9,Norman Jewison,Movie
Charade,1963,113,"Comedy,Mystery,Romance",7.9,Stanley Donen,Movie
The Manchurian Candidate,1962,126,"Drama,Thriller",7.9,John Frankenheimer,Movie
Spartacus,1960,197,"Adventure,Biography,Drama",7.9,Stanley Kubrick,Movie
L'avventura,1960,144,"Drama,Mystery",7.9,Michelangelo Antonioni,Movie
Hiroshima mon amour,1959,90,"Drama,Romance",7.9,Alain Resnais,Movie
The Ten Commandments,1956,220,"Adventure,Drama",7.9,Cecil B. DeMille,Movie
The Searchers,1956,119,"Adventure,Drama,Western",7.9,John Ford,Movie
East of Eden,1955,118,Drama,7.9,Elia Kazan,Movie
High Noon,1952,85,"Drama,Thriller,Western",7.9,Fred Zinnemann,Movie
Strangers on a Train,1951,101,"Crime,Film-Noir,Thriller",7.9,Alfred Hitchcock,Movie
Harvey,1950,104,"Comedy,Drama,Fantasy",7.9,Henry Koster,Movie
Miracle on 34th Street,1947,96,"Comedy,Drama,Family",7.9,George Seaton,Movie
Notorious,1946,102,"Drama,Film-Noir,Romance",7.9,Alfred Hitchcock,Movie
The Big Sleep,1946,114,"Crime,Film-Noir,Mystery",7.9,Howard Hawks,Movie
The Lost Weekend,1945,101,"Drama,Film-Noir",7.9,Billy Wilder,Movie
The Philadelphia Story,1940,112,"Comedy,Romance",7.9,George Cukor,Movie
His Girl Friday,1940,92,"Comedy,Drama,Romance",7.9,Howard Hawks,Movie
The Adventures of Robin Hood,1938,102,"Action,Adventure,Romance",7.9,Michael Curtiz,Movie
A Night at the Opera,1935,96,"Comedy,Music,Musical",7.9,Sam Wood,Movie
King Kong,1933,100,"Adventure,Horror,Sci-Fi",7.9,Merian C. Cooper,Movie
Freaks,1932,64,"Drama,Horror",7.9,Tod Browning,Movie
Nosferatu,1922,94,"Fantasy,Horror",7.9,F.W. Murnau,Movie
The Gentlemen,2019,113,"Action,Comedy,Crime",7.8,Guy Ritchie,Movie
Raazi,2018,138,"Action,Drama,Thriller",7.8,Meghna Gulzar,Movie
Sound of Metal,2019,120,"Drama,Music",7.8,Darius Marder,Movie
Forushande,2016,124,Drama,7.8,Asghar Farhadi,Movie
Dunkirk,2017,106,"Action,Drama,History",7.8,Christopher Nolan,Movie
Perfetti sconosciuti,2016,96,"Comedy,Drama",7.8,Paolo Genovese,Movie
Hidden Figures,2016,127,"Biography,Drama,History",7.8,Theodore Melfi,Movie
Paddington 2,2017,103,"Adventure,Comedy,Family",7.8,Paul King,Movie
Udta Punjab,2016,148,"Action,Crime,Drama",7.8,Abhishek Chaubey,Movie
Kubo and the Two Strings,2016,101,"Animation,Action,Adventure",7.8,Travis Knight,Movie
M.S. Dhoni: The Untold Story,2016,184,"Biography,Drama,Sport",7.8,Neeraj Pandey,Movie
Manchester by the Sea,2016,137,Drama,7.8,Kenneth Lonergan,Movie
Under sandet,2015,100,"Drama,History,War",7.8,Martin Zandvliet,Movie
Rogue One,2016,133,"Action,Adventure,Sci-Fi",7.8,Gareth Edwards,Movie
Captain America: Civil War,2016,147,"Action,Adventure,Sci-Fi",7.8,Anthony Russo,Movie
The Hateful Eight,2015,168,"Crime,Drama,Mystery",7.8,Quentin Tarantino,Movie
Little Women,2019,135,"Drama,Romance",7.8,Greta Gerwig,Movie
Loving Vincent,2017,94,"Animation,Biography,Crime",7.8,Dorota Kobiela,Movie
Pride,2014,119,"Biography,Comedy,Drama",7.8,Matthew Warchus,Movie
Le passé,2013,130,"Drama,Mystery",7.8,Asghar Farhadi,Movie
La grande bellezza,2013,141,Drama,7.8,Paolo Sorrentino,Movie
The Lunchbox,2013,104,"Drama,Romance",7.8,Ritesh Batra,Movie
Vicky Donor,2012,126,"Comedy,Romance",7.8,Shoojit Sircar,Movie
Big Hero 6,2014,102,"Animation,Action,Adventure",7.8,Don Hall,Movie
About Time,2013,123,"Comedy,Drama,Fantasy",7.8,Richard Curtis,Movie
English Vinglish,2012,134,"Comedy,Drama,Family",7.8,Gauri Shinde,Movie
Kaze tachinu,2013,126,"Animation,Biography,Drama",7.8,Hayao Miyazaki,Movie
Toy Story 4,2019,100,"Animation,Adventure,Comedy",7.8,Josh Cooley,Movie
La migliore offerta,2013,131,"Crime,Drama,Mystery",7.8,Giuseppe Tornatore,Movie
Moonrise Kingdom,2012,94,"Comedy,Drama,Romance",7.8,Wes Anderson,Movie
How to Train Your Dragon 2,2014,102,"Animation,Action,Adventure",7.8,Dean DeBlois,Movie
The Big Short,2015,130,"Biography,Comedy,Drama",7.8,Adam McKay,Movie
Kokuhaku,2010,106,"Drama,Thriller",7.8,Tetsuya Nakashima,Movie
Ang-ma-reul bo-at-da,2010,144,"Action,Crime,Drama",7.8,Jee-woon Kim,Movie
The Girl with the Dragon Tattoo,2011,158,"Crime,Drama,Mystery",7.8,David Fincher,Movie
Captain Phillips,2013,134,"Adventure,Biography,Crime",7.8,Paul Greengrass,Movie
Ajeossi,2010,119,"Action,Crime,Drama",7.8,Jeong-beom Lee,Movie
Straight Outta Compton,2015,147,"Biography,Drama,History",7.8,F. Gary Gray,Movie
Madeo,2009,129,"Crime,Drama,Mystery",7.8,Bong Joon Ho,Movie
Chugyeokja,2008,125,"Action,Crime,Thriller",7.8,Hong-jin Na,Movie
The Hobbit: The Desolation of Smaug,2013,161,"Adventure,Fantasy",7.8,Peter Jackson,Movie
Das weiße Band - Eine deutsche Kindergeschichte,2009,144,"Drama,History,Mystery",7.8,Michael Haneke,Movie
Män som hatar kvinnor,2009,152,"Crime,Drama,Mystery",7.8,Niels Arden Oplev,Movie
The Trial of the Chicago 7,2020,129,"Drama,History,Thriller",7.8,Aaron Sorkin,Movie
Druk,2020,117,"Comedy,Drama",7.8,Thomas Vinterberg,Movie
The Fighter,2010,116,"Biography,Drama,Sport",7.8,David O. Russell,Movie
Taken,2008,90,"Action,Thriller",7.8,Pierre Morel,Movie
The Boy in the Striped Pyjamas,2008,94,"Drama,History,War",7.8,Mark Herman,Movie
Once,2007,86,"Drama,Music,Romance",7.8,John Carney,Movie
The Hobbit: An Unexpected Journey,2012,169,"Adventure,Fantasy",7.8,Peter Jackson,Movie
Auf der anderen Seite,2007,122,Drama,7.8,Fatih Akin,Movie
Atonement,2007,123,"Drama,Mystery,Romance",7.8,Joe Wright,Movie
Drive,2011,100,"Crime,Drama",7.8,Nicolas Winding Refn,Movie
American Gangster,2007,157,"Biography,Crime,Drama",7.8,Ridley Scott,Movie
Avatar,2009,162,"Action,Adventure,Fantasy",7.8,James Cameron,Movie
Mr. Nobody,2009,141,"Drama,Fantasy,Romance",7.8,Jaco Van Dormael,Movie
Apocalypto,2006,139,"Action,Adventure,Drama",7.8,Mel Gibson,Movie
Little Miss Sunshine,2006,101,"Comedy,Drama",7.8,Jonathan Dayton,Movie
Hot Fuzz,2007,121,"Action,Comedy,Mystery",7.8,Edgar Wright,Movie
The Curious Case of Benjamin Button,2008,166,"Drama,Fantasy,Romance",7.8,David Fincher,Movie
Veer-Zaara,2004,192,"Drama,Family,Musical",7.8,Yash Chopra,Movie
Adams æbler,2005,94,"Comedy,Crime,Drama",7.8,Anders Thomas Jensen,Movie
Pride & Prejudice,2005,129,"Drama,Romance",7.8,Joe Wright,Movie
The World's Fastest Indian,2005,127,"Biography,Drama,Sport",7.8,Roger Donaldson,Movie
Tôkyô goddofâzâzu,2003,90,"Animation,Adventure,Comedy",7.8,Satoshi Kon,Movie
Serenity,2005,119,"Action,Adventure,Sci-Fi",7.8,Joss Whedon,Movie
Walk the Line,2005,136,"Biography,Drama,Music",7.8,James Mangold,Movie
Ondskan,2003,113,Drama,7.8,Mikael Håfström,Movie
The Notebook,2004,123,"Drama,Romance",7.8,Nick Cassavetes,Movie
Diarios de motocicleta,2004,126,"Adventure,Biography,Drama",7.8,Walter Salles,Movie
Lilja 4-ever,2002,109,"Crime,Drama",7.8,Lukas Moodysson,Movie
Les triplettes de Belleville,2003,80,"Animation,Comedy,Drama",7.8,Sylvain Chomet,Movie
Gongdong gyeongbi guyeok JSA,2000,110,"Action,Drama,Thriller",7.8,Chan-wook Park,Movie
The Count of Monte Cristo,2002,131,"Action,Adventure,Drama",7.8,Kevin Reynolds,Movie
Waking Life,2001,99,"Animation,Drama,Fantasy",7.8,Richard Linklater,Movie
Remember the Titans,2000,113,"Biography,Drama,Sport",7.8,Boaz Yakin,Movie
Wo hu cang long,2000,120,"Action,Adventure,Fantasy",7.8,Ang Lee,Movie
Todo sobre mi madre,1999,101,Drama,7.8,Pedro Almodóvar,Movie
Cast Away,2000,143,"Adventure,Drama,Romance",7.8,Robert Zemeckis,Movie
The Boondock Saints,1999,108,"Action,Crime,Thriller",7.8,Troy Duffy,Movie
The Insider,1999,157,"Biography,Drama,Thriller",7.8,Michael Mann,Movie
October Sky,1999,108,"Biography,Drama,Family",7.8,Joe Johnston,Movie
Shrek,2001,90,"Animation,Adventure,Comedy",7.8,Andrew Adamson,Movie
Titanic,1997,194,"Drama,Romance",7.8,James Cameron,Movie
Hana-bi,1997,103,"Crime,Drama,Romance",7.8,Takeshi Kitano,Movie
Gattaca,1997,106,"Drama,Sci-Fi,Thriller",7.8,Andrew Niccol,Movie
The Game,1997,129,"Action,Drama,Mystery",7.8,David Fincher,Movie
Breaking the Waves,1996,159,Drama,7.8,Lars von Trier,Movie
Ed Wood,1994,127,"Biography,Comedy,Drama",7.8,Tim Burton,Movie
What's Eating Gilbert Grape,1993,118,Drama,7.8,Lasse Hallström,Movie
Tombstone,1993,130,"Action,Biography,Drama",7.8,George P. Cosmatos,Movie
The Sandlot,1993,101,"Comedy,Drama,Family",7.8,David Mickey Evans,Movie
The Remains of the Day,1993,134,"Drama,Romance",7.8,James Ivory,Movie
Naked,1993,132,"Comedy,Drama",7.8,Mike Leigh,Movie
The Fugitive,1993,130,"Action,Crime,Drama",7.8,Andrew Davis,Movie
A Bronx Tale,1993,121,"Crime,Drama,Romance",7.8,Robert De Niro,Movie
Batman: Mask of the Phantasm,1993,76,"Animation,Action,Crime",7.8,Kevin Altieri,Movie
Lat sau san taam,1992,128,"Action,Crime,Thriller",7.8,John Woo,Movie
Night on Earth,1991,129,"Comedy,Drama",7.8,Jim Jarmusch,Movie
La double vie de Véronique,1991,98,"Drama,Fantasy,Music",7.8,Krzysztof Kieslowski,Movie
Boyz n the Hood,1991,112,"Crime,Drama",7.8,John Singleton,Movie
Misery,1990,107,"Drama,Thriller",7.8,Rob Reiner,Movie
Awakenings,1990,121,"Biography,Drama",7.8,Penny Marshall,Movie
Majo no takkyûbin,1989,103,"Animation,Adventure,Drama",7.8,Hayao Miyazaki,Movie
Glory,1989,122,"Biography,Drama,History",7.8,Edward Zwick,Movie
Dip huet seung hung,1989,111,"Action,Crime,Drama",7.8,John Woo,Movie
Back to the Future Part II,1989,108,"Adventure,Comedy,Sci-Fi",7.8,Robert Zemeckis,Movie
Mississippi Burning,1988,128,"Crime,Drama,History",7.8,Alan Parker,Movie
Predator,1987,107,"Action,Adventure,Sci-Fi",7.8,John McTiernan,Movie
Evil Dead II,1987,84,"Action,Comedy,Fantasy",7.8,Sam Raimi,Movie
Ferris Bueller's Day Off,1986,103,Comedy,7.8,John Hughes,Movie
Down by Law,1986,107,"Comedy,Crime,Drama",7.8,Jim Jarmusch,Movie
The Goonies,1985,114,"Adventure,Comedy,Family",7.8,Richard Donner,Movie
The Color Purple,1985,154,Drama,7.8,Steven Spielberg,Movie
The Breakfast Club,1985,97,"Comedy,Drama",7.8,John Hughes,Movie
The Killing Fields,1984,141,"Biography,Drama,History",7.8,Roland Joffé,Movie
Ghostbusters,1984,105,"Action,Comedy,Fantasy",7.8,Ivan Reitman,Movie
The Right Stuff,1983,193,"Adventure,Biography,Drama",7.8,Philip Kaufman,Movie
The King of Comedy,1982,109,"Comedy,Crime,Drama",7.8,Martin Scorsese,Movie
E.T. the Extra-Terrestrial,1982,115,"Family,Sci-Fi",7.8,Steven Spielberg,Movie
Kramer vs. Kramer,1979,105,Drama,7.8,Robert Benton,Movie
Days of Heaven,1978,94,"Drama,Romance",7.8,Terrence Malick,Movie
The Outlaw Josey Wales,1976,135,Western,7.8,Clint Eastwood,Movie
The Man Who Would Be King,1975,129,"Adventure,History,War",7.8,John Huston,Movie
The Conversation,1974,113,"Drama,Mystery,Thriller",7.8,Francis Ford Coppola,Movie
La planète sauvage,1973,72,"Animation,Sci-Fi",7.8,René Laloux,Movie
The Day of the Jackal,1973,143,"Crime,Drama,Thriller",7.8,Fred Zinnemann,Movie
Badlands,1973,94,"Action,Crime,Drama",7.8,Terrence Malick,Movie
Cabaret,1972,124,"Drama,Music,Musical",7.8,Bob Fosse,Movie
Willy Wonka & the Chocolate Factory,1971,100,"Family,Fantasy,Musical",7.8,Mel Stuart,Movie
Midnight Cowboy,1969,113,Drama,7.8,John Schlesinger,Movie
Wait Until Dark,1967,108,Thriller,7.8,Terence Young,Movie
Guess Who's Coming to Dinner,1967,108,"Comedy,Drama",7.8,Stanley Kramer,Movie
Bonnie and Clyde,1967,111,"Action,Biography,Crime",7.8,Arthur Penn,Movie
My Fair Lady,1964,170,"Drama,Family,Musical",7.8,George Cukor,Movie
Mary Poppins,1964,139,"Comedy,Family,Fantasy",7.8,Robert Stevenson,Movie
The Longest Day,1962,178,"Action,Drama,History",7.8,Ken Annakin,Movie
Jules et Jim,1962,105,"Drama,Romance",7.8,François Truffaut,Movie
The Innocents,1961,100,Horror,7.8,Jack Clayton,Movie
À bout de souffle,1960,90,"Crime,Drama",7.8,Jean-Luc Godard,Movie
Red River,1948,133,"Action,Adventure,Drama",7.8,Howard Hawks,Movie
Key Largo,1948,100,"Action,Crime,Drama",7.8,John Huston,Movie
To Have and Have Not,1944,100,"Adventure,Comedy,Film-Noir",7.8,Howard Hawks,Movie
Shadow of a Doubt,1943,108,"Film-Noir,Thriller",7.8,Alfred Hitchcock,Movie
Stagecoach,1939,96,"Adventure,Drama,Western",7.8,John Ford,Movie
The Lady Vanishes,1938,96,"Mystery,Thriller",7.8,Alfred Hitchcock,Movie
Bringing Up Baby,1938,102,"Comedy,Family,Romance",7.8,Howard Hawks,Movie
Bride of Frankenstein,1935,75,"Drama,Horror,Sci-Fi",7.8,James Whale,Movie
Duck Soup,1933,69,"Comedy,Musical,War",7.8,Leo McCarey,Movie
Scarface: The Shame of the Nation,1932,93,"Action,Crime,Drama",7.8,Howard Hawks,Movie
Frankenstein,1931,70,"Drama,Horror,Sci-Fi",7.8,James Whale,Movie
Roma,2018,135,Drama,7.7,Alfonso Cuarón,Movie
God's Own Country,2017,104,"Drama,Romance",7.7,Francis Lee,Movie
Deadpool 2,2018,119,"Action,Adventure,Comedy",7.7,David Leitch,Movie
Wind River,2017,107,"Crime,Drama,Mystery",7.7,Taylor Sheridan,Movie
Get Out,2017,104,"Horror,Mystery,Thriller",7.7,Jordan Peele,Movie
Mission: Impossible - Fallout,2018,147,"Action,Adventure,Thriller",7.7,Christopher McQuarrie,Movie
En man som heter Ove,2015,116,"Comedy,Drama,Romance",7.7,Hannes Holm,Movie
What We Do in the Shadows,2014,86,"Comedy,Horror",7.7,Jemaine Clement,Movie
Omoide no Mânî,2014,103,"Animation,Drama,Family",7.7,James Simone,Movie
The Theory of Everything,2014,123,"Biography,Drama,Romance",7.7,James Marsh,Movie
Kingsman: The Secret Service,2014,129,"Action,Adventure,Comedy",7.7,Matthew Vaughn,Movie
The Fault in Our Stars,2014,126,"Drama,Romance",7.7,Josh Boone,Movie
Me and Earl and the Dying Girl,2015,105,"Comedy,Drama",7.7,Alfonso Gomez-Rejon,Movie
Birdman or (The Unexpected Virtue of Ignorance),2014,119,"Comedy,Drama",7.7,Alejandro G. Iñárritu,Movie
La vie d'Adèle,2013,180,"Drama,Romance",7.7,Abdellatif Kechiche,Movie
Kai po che!,2013,130,"Drama,Sport",7.7,Abhishek Kapoor,Movie
The Broken Circle Breakdown,2012,111,"Drama,Music,Romance",7.7,Felix van Groeningen,Movie
Captain America: The Winter Soldier,2014,136,"Action,Adventure,Sci-Fi",7.7,Anthony Russo,Movie
Rockstar,2011,159,"Drama,Music,Musical",7.7,Imtiaz Ali,Movie
Nebraska,2013,115,"Adventure,Comedy,Drama",7.7,Alexander Payne,Movie
Wreck-It Ralph,2012,101,"Animation,Adventure,Comedy",7.7,Rich Moore,Movie
Le Petit Prince,2015,108,"Animation,Adventure,Drama",7.7,Mark Osborne,Movie
Detachment,2011,98,Drama,7.7,Tony Kaye,Movie
Midnight in Paris,2011,96,"Comedy,Fantasy,Romance",7.7,Woody Allen,Movie
The Lego Movie,2014,100,"Animation,Action,Adventure",7.7,Christopher Miller,Movie
Gravity,2013,91,"Drama,Sci-Fi,Thriller",7.7,Alfonso Cuarón,Movie
Star Trek Into Darkness,2013,132,"Action,Adventure,Sci-Fi",7.7,J.J. Abrams,Movie
Beasts of No Nation,2015,137,"Drama,War",7.7,Cary Joji Fukunaga,Movie
The Social Network,2010,120,"Biography,Drama",7.7,David Fincher,Movie
X: First Class,2011,131,"Action,Adventure,Sci-Fi",7.7,Matthew Vaughn,Movie
The Hangover,2009,100,Comedy,7.7,Todd Phillips,Movie
Skyfall,2012,143,"Action,Adventure,Thriller",7.7,Sam Mendes,Movie
Silver Linings Playbook,2012,122,"Comedy,Drama,Romance",7.7,David O. Russell,Movie
Argo,2012,120,"Biography,Drama,Thriller",7.7,Ben Affleck,Movie
(500) Days of Summer,2009,95,"Comedy,Drama,Romance",7.7,Marc Webb,Movie
Harry Potter and the Deathly Hallows: Part 1,2010,146,"Adventure,Family,Fantasy",7.7,David Yates,Movie
Gake no ue no Ponyo,2008,101,"Animation,Adventure,Comedy",7.7,Hayao Miyazaki,Movie
Frost/Nixon,2008,122,"Biography,Drama,History",7.7,Ron Howard,Movie
Papurika,2006,90,"Animation,Drama,Fantasy",7.7,Satoshi Kon,Movie
Changeling,2008,141,"Biography,Crime,Drama",7.7,Clint Eastwood,Movie
Flipped,2010,90,"Comedy,Drama,Romance",7.7,Rob Reiner,Movie
Toki o kakeru shôjo,2006,98,"Animation,Adventure,Comedy",7.7,Mamoru Hosoda,Movie
Death Note: Desu nôto,2006,126,"Crime,Drama,Fantasy",7.7,Shûsuke Kaneko,Movie
This Is England,2006,101,"Crime,Drama",7.7,Shane Meadows,Movie
Ex Machina,2014,108,"Drama,Sci-Fi,Thriller",7.7,Alex Garland,Movie
Efter brylluppet,2006,120,Drama,7.7,Susanne Bier,Movie
The Last King of Scotland,2006,123,"Biography,Drama,History",7.7,Kevin Macdonald,Movie
Zodiac,2007,157,"Crime,Drama,Mystery",7.7,David Fincher,Movie
Lucky Number Slevin,2006,110,"Action,Crime,Drama",7.7,Paul McGuigan,Movie
Joyeux Noël,2005,116,"Drama,History,Music",7.7,Christian Carion,Movie
Control,2007,122,"Biography,Drama,Music",7.7,Anton Corbijn,Movie
Tangled,2010,100,"Animation,Adventure,Comedy",7.7,Nathan Greno,Movie
Zwartboek,2006,145,"Drama,Thriller,War",7.7,Paul Verhoeven,Movie
Brokeback Mountain,2005,134,"Drama,Romance",7.7,Ang Lee,Movie
3:10 to Yuma,2007,122,"Action,Crime,Drama",7.7,James Mangold,Movie
Crash,2004,112,"Crime,Drama,Thriller",7.7,Paul Haggis,Movie
Kung fu,2004,99,"Action,Comedy,Fantasy",7.7,Stephen Chow,Movie
The Bourne Supremacy,2004,108,"Action,Mystery,Thriller",7.7,Paul Greengrass,Movie
The Machinist,2004,101,"Drama,Thriller",7.7,Brad Anderson,Movie
Ray,2004,152,"Biography,Drama,Music",7.7,Taylor Hackford,Movie
Lost in Translation,2003,102,"Comedy,Drama",7.7,Sofia Coppola,Movie
Harry Potter and the Goblet of Fire,2005,157,"Adventure,Family,Fantasy",7.7,Mike Newell,Movie
Man on Fire,2004,146,"Action,Crime,Drama",7.7,Tony Scott,Movie
Coraline,2009,100,"Animation,Drama,Family",7.7,Henry Selick,Movie
The Last Samurai,2003,154,"Action,Drama",7.7,Edward Zwick,Movie
The Magdalene Sisters,2002,114,Drama,7.7,Peter Mullan,Movie
Good Bye Lenin!,2003,121,"Comedy,Drama,Romance",7.7,Wolfgang Becker,Movie
In America,2002,105,Drama,7.7,Jim Sheridan,Movie
I Am Sam,2001,132,Drama,7.7,Jessie Nelson,Movie
Adaptation.,2002,115,"Comedy,Drama",7.7,Spike Jonze,Movie
Black Hawk Down,2001,144,"Drama,History,War",7.7,Ridley Scott,Movie
Road to Perdition,2002,117,"Crime,Drama,Thriller",7.7,Sam Mendes,Movie
Das Experiment,2001,120,"Drama,Thriller",7.7,Oliver Hirschbiegel,Movie
Billy Elliot,2000,110,"Drama,Music",7.7,Stephen Daldry,Movie
Hedwig and the Angry Inch,2001,95,"Comedy,Drama,Music",7.7,John Cameron Mitchell,Movie
Ocean's Eleven,2001,116,"Crime,Thriller",7.7,Steven Soderbergh,Movie
Vampire Hunter D: Bloodlust,2000,103,"Animation,Action,Fantasy",7.7,Yoshiaki Kawajiri,Movie
"O Brother, Where Art Thou?",2000,107,"Adventure,Comedy,Crime",7.7,Joel Coen,Movie
Interstate 60: Episodes of the Road,2002,116,"Adventure,Comedy,Drama",7.7,Bob Gale,Movie
"South Park: Bigger, Longer & Uncut",1999,81,"Animation,Comedy,Fantasy",7.7,Trey Parker,Movie
Office Space,1999,89,Comedy,7.7,Mike Judge,Movie
Happiness,1998,134,"Comedy,Drama",7.7,Todd Solondz,Movie
Training Day,2001,122,"Crime,Drama,Thriller",7.7,Antoine Fuqua,Movie
Rushmore,1998,93,"Comedy,Drama,Romance",7.7,Wes Anderson,Movie
Abre los ojos,1997,119,"Drama,Mystery,Sci-Fi",7.7,Alejandro Amenábar,Movie
Being John Malkovich,1999,113,"Comedy,Drama,Fantasy",7.7,Spike Jonze,Movie
As Good as It Gets,1997,139,"Comedy,Drama,Romance",7.7,James L. Brooks,Movie
The Fifth Element,1997,126,"Action,Adventure,Sci-Fi",7.7,Luc Besson,Movie
Le dîner de cons,1998,80,Comedy,7.7,Francis Veber,Movie
Donnie Brasco,1997,127,"Biography,Crime,Drama",7.7,Mike Newell,Movie
Shine,1996,105,"Biography,Drama,Music",7.7,Scott Hicks,Movie
Primal Fear,1996,129,"Crime,Drama,Mystery",7.7,Gregory Hoblit,Movie
Hamlet,1996,242,Drama,7.7,Kenneth Branagh,Movie
A Little Princess,1995,97,"Drama,Family,Fantasy",7.7,Alfonso Cuarón,Movie
Do lok tin si,1995,99,"Comedy,Crime,Drama",7.7,Kar-Wai Wong,Movie
Il postino,1994,108,"Biography,Comedy,Drama",7.7,Michael Radford,Movie
Clerks,1994,92,Comedy,7.7,Kevin Smith,Movie
Short Cuts,1993,188,"Comedy,Drama",7.7,Robert Altman,Movie
Philadelphia,1993,125,Drama,7.7,Jonathan Demme,Movie
The Muppet Christmas Carol,1992,85,"Comedy,Drama,Family",7.7,Brian Henson,Movie
Malcolm X,1992,202,"Biography,Drama,History",7.7,Spike Lee,Movie
The Last of the Mohicans,1992,112,"Action,Adventure,Drama",7.7,Michael Mann,Movie
Kurenai no buta,1992,94,"Animation,Adventure,Comedy",7.7,Hayao Miyazaki,Movie
Glengarry Glen Ross,1992,100,"Crime,Drama,Mystery",7.7,James Foley,Movie
A Few Good Men,1992,138,"Drama,Thriller",7.7,Rob Reiner,Movie
Fried Green Tomatoes,1991,130,Drama,7.7,Jon Avnet,Movie
Barton Fink,1991,116,"Comedy,Drama,Thriller",7.7,Joel Coen,Movie
Miller's Crossing,1990,115,"Crime,Drama,Thriller",7.7,Joel Coen,Movie
Who Framed Roger Rabbit,1988,104,"Animation,Adventure,Comedy",7.7,Robert Zemeckis,Movie
Spoorloos,1988,107,"Mystery,Thriller",7.7,George Sluizer,Movie
Withnail & I,1987,107,"Comedy,Drama",7.7,Bruce Robinson,Movie
The Last Emperor,1987,163,"Biography,Drama,History",7.7,Bernardo Bertolucci,Movie
Empire of the Sun,1987,153,"Action,Drama,History",7.7,Steven Spielberg,Movie
Der Name der Rose,1986,130,"Crime,Drama,Mystery",7.7,Jean-Jacques Annaud,Movie
Blue Velvet,1986,120,"Drama,Mystery,Thriller",7.7,David Lynch,Movie
The Purple Rose of Cairo,1985,82,"Comedy,Fantasy,Romance",7.7,Woody Allen,Movie
After Hours,1985,97,"Comedy,Crime,Drama",7.7,Martin Scorsese,Movie
Zelig,1983,79,Comedy,7.7,Woody Allen,Movie
The Verdict,1982,129,Drama,7.7,Sidney Lumet,Movie
Star Trek II: The Wrath of Khan,1982,113,"Action,Adventure,Sci-Fi",7.7,Nicholas Meyer,Movie
First Blood,1982,93,"Action,Adventure",7.7,Ted Kotcheff,Movie
Ordinary People,1980,124,Drama,7.7,Robert Redford,Movie
Airplane!,1980,88,Comedy,7.7,Jim Abrahams,Movie
Rupan sansei: Kariosutoro no shiro,1979,100,"Animation,Adventure,Family",7.7,Hayao Miyazaki,Movie
Halloween,1978,91,"Horror,Thriller",7.7,John Carpenter,Movie
Le locataire,1976,126,"Drama,Thriller",7.7,Roman Polanski,Movie
Love and Death,1975,85,"Comedy,War",7.7,Woody Allen,Movie
The Taking of Pelham One Two Three,1974,104,"Action,Crime,Thriller",7.7,Joseph Sargent,Movie
Blazing Saddles,1974,93,"Comedy,Western",7.7,Mel Brooks,Movie
Serpico,1973,130,"Biography,Crime,Drama",7.7,Sidney Lumet,Movie
Enter the Dragon,1973,102,"Action,Crime,Drama",7.7,Robert Clouse,Movie
Deliverance,1972,109,"Adventure,Drama,Thriller",7.7,John Boorman,Movie
The French Connection,1971,104,"Action,Crime,Drama",7.7,William Friedkin,Movie
Dirty Harry,1971,102,"Action,Crime,Thriller",7.7,Don Siegel,Movie
Where Eagles Dare,1968,158,"Action,Adventure,War",7.7,Brian G. Hutton,Movie
The Odd Couple,1968,105,Comedy,7.7,Gene Saks,Movie
The Dirty Dozen,1967,150,"Action,Adventure,War",7.7,Robert Aldrich,Movie
Belle de jour,1967,100,"Drama,Romance",7.7,Luis Buñuel,Movie
A Man for All Seasons,1966,120,"Biography,Drama,History",7.7,Fred Zinnemann,Movie
Repulsion,1965,105,"Drama,Horror,Thriller",7.7,Roman Polanski,Movie
Zulu,1964,138,"Drama,History,War",7.7,Cy Endfield,Movie
Goldfinger,1964,110,"Action,Adventure,Thriller",7.7,Guy Hamilton,Movie
The Birds,1963,119,"Drama,Horror,Mystery",7.7,Alfred Hitchcock,Movie
Cape Fear,1962,106,"Drama,Thriller",7.7,J. Lee Thompson,Movie
Peeping Tom,1960,101,"Drama,Horror,Thriller",7.7,Michael Powell,Movie
The Magnificent Seven,1960,128,"Action,Adventure,Western",7.7,John Sturges,Movie
Les yeux sans visage,1960,90,"Drama,Horror",7.7,Georges Franju,Movie
Invasion of the Body Snatchers,1956,80,"Drama,Horror,Sci-Fi",7.7,Don Siegel,Movie
Rebel Without a Cause,1955,111,Drama,7.7,Nicholas Ray,Movie
The Ladykillers,1955,91,"Comedy,Crime",7.7,Alexander Mackendrick,Movie
Sabrina,1954,113,"Comedy,Drama,Romance",7.7,Billy Wilder,Movie
The Quiet Man,1952,129,"Comedy,Drama,Romance",7.7,John Ford,Movie
The Day the Earth Stood Still,1951,92,"Drama,Sci-Fi",7.7,Robert Wise,Movie
The African Queen,1951,105,"Adventure,Drama,Romance",7.7,John Huston,Movie
Gilda,1946,110,"Drama,Film-Noir,Romance",7.7,Charles Vidor,Movie
Fantasia,1940,125,"Animation,Family,Fantasy",7.7,James Algar,Movie
The Invisible Man,1933,71,"Horror,Sci-Fi",7.7,James Whale,Movie
Dark Waters,2019,126,"Biography,Drama,History",7.6,Todd Haynes,Movie
Searching,2018,102,"Drama,Mystery,Thriller",7.6,Aneesh Chaganty,Movie
Once Upon a Time... in Hollywood,2019,161,"Comedy,Drama",7.6,Quentin Tarantino,Movie
Nelyubov,2017,127,Drama,7.6,Andrey Zvyagintsev,Movie
The Florida Project,2017,111,Drama,7.6,Sean Baker,Movie
Just Mercy,2019,137,"Biography,Crime,Drama",7.6,Destin Daniel Cretton,Movie
Gifted,2017,101,Drama,7.6,Marc Webb,Movie
The Peanut Butter Falcon,2019,97,"Adventure,Comedy,Drama",7.6,Tyler Nilson,Movie
Victoria,2015,138,"Crime,Drama,Romance",7.6,Sebastian Schipper,Movie
Mustang,2015,97,Drama,7.6,Deniz Gamze Ergüven,Movie
Guardians of the Galaxy Vol. 2,2017,136,"Action,Adventure,Comedy",7.6,James Gunn,Movie
Baby Driver,2017,113,"Action,Crime,Drama",7.6,Edgar Wright,Movie
Only the Brave,2017,134,"Action,Biography,Drama",7.6,Joseph Kosinski,Movie
Bridge of Spies,2015,142,"Drama,History,Thriller",7.6,Steven Spielberg,Movie
Incredibles 2,2018,118,"Animation,Action,Adventure",7.6,Brad Bird,Movie
Moana,2016,107,"Animation,Adventure,Comedy",7.6,Ron Clements,Movie
Sicario,2015,121,"Action,Crime,Drama",7.6,Denis Villeneuve,Movie
Creed,2015,133,"Drama,Sport",7.6,Ryan Coogler,Movie
Leviafan,2014,140,"Crime,Drama",7.6,Andrey Zvyagintsev,Movie
Hell or High Water,2016,102,"Action,Crime,Drama",7.6,David Mackenzie,Movie
Philomena,2013,98,"Biography,Comedy,Drama",7.6,Stephen Frears,Movie
Dawn of the Planet of the Apes,2014,130,"Action,Adventure,Drama",7.6,Matt Reeves,Movie
El cuerpo,2012,112,"Mystery,Thriller",7.6,Oriol Paulo,Movie
Serbuan maut,2011,101,"Action,Thriller",7.6,Gareth Evans,Movie
End of Watch,2012,109,"Action,Crime,Drama",7.6,David Ayer,Movie
Kari-gurashi no Arietti,2010,94,"Animation,Adventure,Family",7.6,Hiromasa Yonebayashi,Movie
A Star Is Born,2018,136,"Drama,Music,Romance",7.6,Bradley Cooper,Movie
True Grit,2010,110,"Drama,Western",7.6,Ethan Coen,Movie
Hævnen,2010,118,"Drama,Romance",7.6,Susanne Bier,Movie
Despicable Me,2010,95,"Animation,Comedy,Crime",7.6,Pierre Coffin,Movie
50/50,2011,100,"Comedy,Drama,Romance",7.6,Jonathan Levine,Movie
Kick-Ass,2010,117,"Action,Comedy,Crime",7.6,Matthew Vaughn,Movie
Celda 211,2009,113,"Action,Adventure,Crime",7.6,Daniel Monzón,Movie
Moneyball,2011,133,"Biography,Drama,Sport",7.6,Bennett Miller,Movie
La piel que habito,2011,120,"Drama,Horror,Thriller",7.6,Pedro Almodóvar,Movie
Zombieland,2009,88,"Adventure,Comedy,Fantasy",7.6,Ruben Fleischer,Movie
Die Welle,2008,107,"Drama,Thriller",7.6,Dennis Gansel,Movie
Sherlock Holmes,2009,128,"Action,Adventure,Mystery",7.6,Guy Ritchie,Movie
The Blind Side,2009,129,"Biography,Drama,Sport",7.6,John Lee Hancock,Movie
The Visitor,2007,104,Drama,7.6,Tom McCarthy,Movie
Seven Pounds,2008,123,Drama,7.6,Gabriele Muccino,Movie
Eastern Promises,2007,100,"Action,Crime,Drama",7.6,David Cronenberg,Movie
Stardust,2007,127,"Adventure,Family,Fantasy",7.6,Matthew Vaughn,Movie
The Secret of Kells,2009,71,"Animation,Adventure,Family",7.6,Tomm Moore,Movie
Inside Man,2006,129,"Crime,Drama,Mystery",7.6,Spike Lee,Movie
Gone Baby Gone,2007,114,"Crime,Drama,Mystery",7.6,Ben Affleck,Movie
La Vie En Rose,2007,140,"Biography,Drama,Music",7.6,Olivier Dahan,Movie
Huo Yuan Jia,2006,104,"Action,Biography,Drama",7.6,Ronny Yu,Movie
The Illusionist,2006,110,"Drama,Fantasy,Mystery",7.6,Neil Burger,Movie
Dead Man's Shoes,2004,90,"Crime,Drama,Thriller",7.6,Shane Meadows,Movie
Harry Potter and the Half-Blood Prince,2009,153,"Action,Adventure,Family",7.6,David Yates,Movie
300,2006,117,"Action,Drama",7.6,Zack Snyder,Movie
Match Point,2005,124,"Drama,Romance,Thriller",7.6,Woody Allen,Movie
Watchmen,2009,162,"Action,Drama,Mystery",7.6,Zack Snyder,Movie
Lord of War,2005,122,"Action,Crime,Drama",7.6,Andrew Niccol,Movie
Saw,2004,103,"Horror,Mystery,Thriller",7.6,James Wan,Movie
"Synecdoche, New York",2008,124,Drama,7.6,Charlie Kaufman,Movie
Mysterious Skin,2004,105,Drama,7.6,Gregg Araki,Movie
Jeux d'enfants,2003,93,"Comedy,Drama,Romance",7.6,Yann Samuell,Movie
Un long dimanche de fiançailles,2004,133,"Drama,Mystery,Romance",7.6,Jean-Pierre Jeunet,Movie
The Station Agent,2003,89,"Comedy,Drama",7.6,Tom McCarthy,Movie
21 Grams,2003,124,"Crime,Drama,Thriller",7.6,Alejandro G. Iñárritu,Movie
Boksuneun naui geot,2002,129,"Crime,Drama,Thriller",7.6,Chan-wook Park,Movie
Finding Neverland,2004,106,"Biography,Drama,Family",7.6,Marc Forster,Movie
25th Hour,2002,135,Drama,7.6,Spike Lee,Movie
The Butterfly Effect,2004,113,"Drama,Sci-Fi,Thriller",7.6,Eric Bress,Movie
28 Days Later...,2002,113,"Drama,Horror,Sci-Fi",7.6,Danny Boyle,Movie
Batoru rowaiaru,2000,114,"Action,Adventure,Drama",7.6,Kinji Fukasaku,Movie
The Royal Tenenbaums,2001,110,"Comedy,Drama",7.6,Wes Anderson,Movie
Y tu mamá también,2001,106,Drama,7.6,Alfonso Cuarón,Movie
Harry Potter and the Sorcerer's Stone,2001,152,"Adventure,Family,Fantasy",7.6,Chris Columbus,Movie
The Others,2001,101,"Horror,Mystery,Thriller",7.6,Alejandro Amenábar,Movie
Blow,2001,124,"Biography,Crime,Drama",7.6,Ted Demme,Movie
Enemy at the Gates,2001,131,"Drama,History,War",7.6,Jean-Jacques Annaud,Movie
Minority Report,2002,145,"Action,Crime,Mystery",7.6,Steven Spielberg,Movie
The Hurricane,1999,146,"Biography,Drama,Sport",7.6,Norman Jewison,Movie
American Psycho,2000,101,"Comedy,Crime,Drama",7.6,Mary Harron,Movie
Lola rennt,1998,81,"Crime,Drama,Thriller",7.6,Tom Tykwer,Movie
The Thin Red Line,1998,170,"Drama,War",7.6,Terrence Malick,Movie
Mulan,1998,88,"Animation,Adventure,Family",7.6,Tony Bancroft,Movie
Fear and Loathing in Las Vegas,1998,118,"Adventure,Comedy,Drama",7.6,Terry Gilliam,Movie
Funny Games,1997,108,"Crime,Drama,Thriller",7.6,Michael Haneke,Movie
Dark City,1998,100,"Mystery,Sci-Fi,Thriller",7.6,Alex Proyas,Movie
Sleepers,1996,147,"Crime,Drama,Thriller",7.6,Barry Levinson,Movie
Lost Highway,1997,134,"Mystery,Thriller",7.6,David Lynch,Movie
Sense and Sensibility,1995,136,"Drama,Romance",7.6,Ang Lee,Movie
Die Hard: With a Vengeance,1995,128,"Action,Adventure,Thriller",7.6,John McTiernan,Movie
Dead Man,1995,121,"Adventure,Drama,Fantasy",7.6,Jim Jarmusch,Movie
The Bridges of Madison County,1995,135,"Drama,Romance",7.6,Clint Eastwood,Movie
Apollo 13,PG,140,"Adventure,Drama,History",7.6,Ron Howard,Movie
Trois couleurs: Blanc,1994,92,"Comedy,Drama,Romance",7.6,Krzysztof Kieslowski,Movie
Falling Down,1993,113,"Action,Crime,Drama",7.6,Joel Schumacher,Movie
Dazed and Confused,1993,102,Comedy,7.6,Richard Linklater,Movie
My Cousin Vinny,1992,120,"Comedy,Crime",7.6,Jonathan Lynn,Movie
Omohide poro poro,1991,118,"Animation,Drama,Romance",7.6,Isao Takahata,Movie
Delicatessen,1991,99,"Comedy,Crime",7.6,Marc Caro,Movie
Home Alone,1990,103,"Comedy,Family",7.6,Chris Columbus,Movie
The Godfather: Part III,1990,162,"Crime,Drama",7.6,Francis Ford Coppola,Movie
When Harry Met Sally...,1989,95,"Comedy,Drama,Romance",7.6,Rob Reiner,Movie
The Little Mermaid,1989,83,"Animation,Family,Fantasy",7.6,Ron Clements,Movie
The Naked Gun: From the Files of Police Squad!,1988,85,"Comedy,Crime",7.6,David Zucker,Movie
"Planes, Trains & Automobiles",1987,93,"Comedy,Drama",7.6,John Hughes,Movie
Lethal Weapon,1987,109,"Action,Crime,Thriller",7.6,Richard Donner,Movie
Blood Simple,1984,99,"Crime,Drama,Thriller",7.6,Joel Coen,Movie
On Golden Pond,1981,109,Drama,7.6,Mark Rydell,Movie
Mad Max 2,1981,96,"Action,Adventure,Sci-Fi",7.6,George Miller,Movie
The Warriors,1979,92,"Action,Crime,Thriller",7.6,Walter Hill,Movie
The Muppet Movie,1979,95,"Adventure,Comedy,Family",7.6,James Frawley,Movie
Escape from Alcatraz,1979,112,"Action,Biography,Crime",7.6,Don Siegel,Movie
Watership Down,1978,91,"Animation,Adventure,Drama",7.6,Martin Rosen,Movie
Midnight Express,1978,121,"Biography,Crime,Drama",7.6,Alan Parker,Movie
Close Encounters of the Third Kind,1977,138,"Drama,Sci-Fi",7.6,Steven Spielberg,Movie
The Long Goodbye,1973,112,"Comedy,Crime,Drama",7.6,Robert Altman,Movie
Giù la testa,1971,157,"Drama,War,Western",7.6,Sergio Leone,Movie
Kelly's Heroes,1970,144,"Adventure,Comedy,War",7.6,Brian G. Hutton,Movie
The Jungle Book,1967,78,"Animation,Adventure,Family",7.6,Wolfgang Reitherman,Movie
Blowup,1966,111,"Drama,Mystery,Thriller",7.6,Michelangelo Antonioni,Movie
A Hard Day's Night,1964,87,"Comedy,Music,Musical",7.6,Richard Lester,Movie
Breakfast at Tiffany's,1961,115,"Comedy,Drama,Romance",7.6,Blake Edwards,Movie
Giant,1956,201,"Drama,Western",7.6,George Stevens,Movie
From Here to Eternity,1953,118,"Drama,Romance,War",7.6,Fred Zinnemann,Movie
Lifeboat,1944,97,"Drama,War",7.6,Alfred Hitchcock,Movie
The 39 Steps,1935,86,"Crime,Mystery,Thriller",7.6,Alfred Hitchcock,Movie
Planet Earth II,2016,298,Documentary,9.5,"David Attenborough,Chadden Hunter,Elizabeth White",Series
Planet Earth,2006,538,Documentary,9.4,"David Attenborough,Sigourney Weaver,Nikolay Drozdov",Series
Breaking Bad,2008,49,"Crime,Drama,Thriller",9.4,"Bryan Cranston,Aaron Paul,Anna Gunn",Series
Band of Brothers,2001,594,"Drama,History,War",9.4,"Scott Grimes,Damian Lewis,Ron Livingston",Series
Chernobyl,2019,330,"Drama,History,Thriller",9.3,"Jessie Buckley,Jared Harris,Stellan Skarsgård",Series
The Wire,2002,59,"Crime,Drama,Thriller",9.3,"Dominic West,Lance Reddick,Sonja Sohn",Series
Blue Planet II,2017,364,Documentary,9.3,"David Attenborough,Peter Drost,Roger Munns",Series
Our Planet,2019,403,Documentary,9.2,David Attenborough,Series
Cosmos: A Spacetime Odyssey,2014,557,Documentary,9.2,"Neil deGrasse Tyson,Christopher Emerson,Keythe Farley",Series
Avatar: The Last Airbender,2005,23,"Animation,Action,Adventure",9.2,"Dee Bradley Baker,Zach Tyler Eisen,Mae Whitman",Series
Cosmos,1980,780,Documentary,9.2,"Carl Sagan,Jaromír Hanzlík,Jonathan Fahn",Series
The Sopranos,1999,55,"Crime,Drama",9.2,"James Gandolfini,Lorraine Bracco,Edie Falco",Series
Game of Thrones,2011,57,"Action,Adventure,Drama",9.2,"Emilia Clarke,Peter Dinklage,Kit Harington",Series
Rick and Morty,2013,23,"Animation,Adventure,Comedy",9.1,"Justin Roiland,Chris Parnell,Spencer Grammer",Series
Arcane: League of Legends,2021,41,"Animation,Action,Adventure",9.1,"Hailee Steinfeld,Kevin Alejandro,Jason Spisak",Series
The World at War,1973,52,Nan,9.1,"Laurence Olivier,Albert Speer,Anthony Eden",Series
The Last Dance,2020,491,"Documentary,Biography,History",9.1,"Michael Jordan,Phil Jackson,Scottie Pippen",Series
Life,2009,473,Documentary,9.1,"Oprah Winfrey,David Attenborough,Doug Allan",Series
Hagane no renkinjutsushi,2009,24,"Animation,Action,Adventure",9.0,"Kent Williams,Iemasa Kayumi,Vic Mignogna",Series
Sherlock,2010,88,"Crime,Drama,Mystery",9.0,"Benedict Cumberbatch,Martin Freeman,Una Stubbs",Series
The Vietnam War,2017,990,Nan,9.0,"Peter Coyote,Huy Duc,James Willbanks",Series
Scam 1992: The Harshad Mehta Story,2020,54,"Biography,Crime,Drama",9.0,"Pratik Gandhi,Shreya Dhanwanthary,Hemant Kher",Series
The Twilight Zone,1959,51,"Drama,Fantasy,Horror",9.0,"Rod Serling,Robert McCord,Jay Overholts",Series
The Blue Planet,2001,389,Documentary,9.0,"David Attenborough,Pierce Brosnan",Series
Batman: The Animated Series,1992,23,"Animation,Action,Adventure",9.0,"Kevin Conroy,Loren Lester,Efrem Zimbalist Jr.",Series
Human Planet,2011,50,Documentary,8.9,"John Hurt,Roger Munns",Series
Firefly,2002,44,"Adventure,Drama,Sci-Fi",8.9,"Nathan Fillion,Gina Torres,Alan Tudyk",Series
Sahsiyet,2018,65,"Crime,Drama,Mystery",8.9,"Haluk Bilginer,Cansu Dere,Metin Akdülger",Series
Clarkson's Farm,2021,45,"Documentary,Reality-TV",8.9,"Jeremy Clarkson,Kaleb Cooper,Charlie Ireland",Series
Frozen Planet,2011,333,Documentary,8.9,"David Attenborough,Alec Baldwin,Chadden Hunter",Series
Death Note: Desu nôto,2006,24,"Animation,Crime,Drama",8.9,"Mamoru Miyano,Brad Swaile,Vincent Tong",Series
Dekalog,1989,572,Drama,8.9,"Artur Barcis,Olgierd Lukaszewicz,Aleksander Bardini",Series
True Detective,2014,55,"Crime,Drama,Mystery",8.9,"Vince Vaughn,Colin Farrell,Rachel McAdams",Series
Kaubôi bibappu,1998,24,"Animation,Action,Adventure",8.9,"Kôichi Yamadera,Unshô Ishizuka,Megumi Hayashibara",Series
The Civil War,1990,680,"Documentary,History,War",8.9,"David McCullough,Sam Waterston,Julie Harris",Series
Shingeki no kyojin,2013,24,"Animation,Action,Adventure",8.9,"Yûki Kaji,Marina Inoue,Josh Grelle",Series
Fargo,2014,53,"Crime,Drama,Thriller",8.9,"Billy Bob Thornton,Martin Freeman,Allison Tolman",Series
Hunter x Hunter,2011,24,"Animation,Action,Adventure",8.9,"Issei Futamata,Megumi Han,Cristina Valenzuela",Series
The Office,2005,22,Comedy,8.9,"Steve Carell,Jenna Fischer,John Krasinski",Series
When They See Us,2019,296,"Biography,Crime,Drama",8.8,"Asante Blackk,Caleel Harris,Ethan Herisse",Series
Africa,2013,360,Nan,8.8,"David Attenborough,Simon Blakeney,Mark Deeble",Series
Apocalypse: La 2ème guerre mondiale,2009,312,"Documentary,History,War",8.8,"Mathieu Kassovitz,Martin Sheen,Rudolf Hess",Series
Only Fools and Horses....,1981,95,Comedy,8.8,"David Jason,Nicholas Lyndhurst,Roger Lloyd Pack",Series
Last Week Tonight with John Oliver,2014,30,"Comedy,History,News",8.8,"John Oliver,David Kaye,Ryan Barger",Series
TVF Pitchers,2015,40,"Comedy,Drama",8.8,"Naveen Kasturia,Arunabh Kumar,Jitendra Kumar",Series
Gravity Falls,2012,23,"Animation,Action,Adventure",8.8,"Jason Ritter,Alex Hirsch,Kristen Schaal",Series
Seinfeld,1989,22,Comedy,8.8,"Jerry Seinfeld,Julia Louis-Dreyfus,Michael Richards",Series
Das Boot,1985,293,Nan,8.8,"Jürgen Prochnow,Herbert Grönemeyer,Klaus Wennemann",Series
Monty Python's Flying Circus,1969,30,Comedy,8.8,"Graham Chapman,John Cleese,Terry Gilliam",Series
Nathan for You,2013,30,"Documentary,Comedy",8.8,"Nathan Fielder,Anthony Filosa,Brian S. Wolfe",Series
Friends,1994,22,"Comedy,Romance",8.8,"Jennifer Aniston,Courteney Cox,Lisa Kudrow",Series
Pride and Prejudice,1995,327,"Drama,Romance",8.8,"Colin Firth,Jennifer Ehle,Susannah Harker",Series
Dexter: New Blood,2021,55,"Crime,Drama,Mystery",8.7,"Michael C. Hall,Jack Alcott,Julia Jones",Series
Black Mirror,2011,60,"Drama,Sci-Fi,Thriller",8.7,"Daniel Lapaine,Hannah John-Kamen,Michaela Coel",Series
Twin Peaks,1990,47,"Crime,Drama,Mystery",8.7,"Kyle MacLachlan,Michael Ontkean,Mädchen Amick",Series
Over the Garden Wall,2014,22,"Animation,Adventure,Drama",8.7,"Elijah Wood,Collin Dean,Melanie Lynskey",Series
Kota Factory,2019,45,"Comedy,Drama",8.7,"Mayur More,Jitendra Kumar,Ranjan Raj",Series
Fawlty Towers,1975,30,Comedy,8.7,"John Cleese,Prunella Scales,Andrew Sachs",Series
Narcos,2015,49,"Biography,Crime,Drama",8.7,"Pedro Pascal,Lizbeth Eden,Wagner Moura",Series
Blackadder Goes Forth,1989,175,Nan,8.7,"Rowan Atkinson,Tony Robinson,Stephen Fry",Series
It's Always Sunny in Philadelphia,2005,22,Comedy,8.7,"Charlie Day,Glenn Howerton,Rob McElhenney",Series
Ted Lasso,2020,30,"Comedy,Drama,Sport",8.7,"Jason Sudeikis,Brett Goldstein,Brendan Hunt",Series
Better Call Saul,2015,46,"Crime,Drama",8.7,"Bob Odenkirk,Rhea Seehorn,Jonathan Banks",Series
Freaks and Geeks,1999,44,"Comedy,Drama",8.7,"Linda Cardellini,John Francis Daley,James Franco",Series
Chappelle's Show,2003,22,"Comedy,Music",8.7,"Dave Chappelle,Donnell Rawlings,Rudy Rush",Series
The Mandalorian,2019,40,"Action,Adventure,Fantasy",8.7,"Pedro Pascal,Carl Weathers,Barry Lowin",Series
Peaky Blinders,2013,60,"Crime,Drama",8.7,"Cillian Murphy,Paul Anderson,Helen McCrory",Series
The West Wing,1999,44,Drama,8.7,"Martin Sheen,Rob Lowe,Allison Janney",Series
Dark,2017,60,"Crime,Drama,Mystery",8.7,"Louis Hofmann,Karoline Eichhorn,Lisa Vicari",Series
Steins;Gate,2011,24,"Animation,Comedy,Drama",8.7,"Mamoru Miyano,Asami Imai,Kana Hanazawa",Series
One Punch Man: Wanpanman,2015,24,"Animation,Action,Comedy",8.7,"Makoto Furukawa,Kaito Ishikawa,Max Mittelman",Series
BoJack Horseman,2014,25,"Animation,Comedy,Drama",8.7,"Will Arnett,Amy Sedaris,Alison Brie",Series
Dragon Ball Z: Doragon bôru zetto,1989,24,"Animation,Action,Adventure",8.7,"Jôji Yanami,Kyle Hebert,Masako Nozawa",Series
Curb Your Enthusiasm,2000,28,Comedy,8.7,"Larry David,Cheryl Hines,Jeff Garlin",Series
Rome,2005,52,"Action,Drama,History",8.7,"Kevin McKidd,Ray Stevenson,Polly Walker",Series
Dragon Ball Z,1989,24,"Animation,Action,Adventure",8.7,"Doc Harris,Christopher Sabat,Scott McNeil",Series
"I, Claudius",1976,669,"Biography,Drama,History",8.7,"Derek Jacobi,John Hurt,Siân Phillips",Series
Vinland Saga,2019,24,"Animation,Action,Adventure",8.7,"Keith Silverstein,Zach Aguilar,Ben Diskin",Series
Oz,1997,55,"Crime,Drama,Thriller",8.7,"Ernie Hudson,J.K. Simmons,Lee Tergesen",Series
Succession,2018,60,Drama,8.7,"Nicholas Braun,Brian Cox,Kieran Culkin",Series
Invincible,2021,50,"Animation,Action,Adventure",8.7,"Steven Yeun,J.K. Simmons,Sandra Oh",Series
Fleabag,2016,27,"Comedy,Drama",8.7,"Phoebe Waller-Bridge,Sian Clifford,Olivia Colman",Series
Leyla ile Mecnun,2011,80,Nan,8.7,"Ali Atay,Serkan Keskin,Ahmet Mümtaz Taylan",Series
Arrested Development,2003,22,Comedy,8.7,"Jason Bateman,Michael Cera,Portia de Rossi",Series
Stranger Things,2016,51,"Drama,Fantasy,Horror",8.6,"Millie Bobby Brown,Finn Wolfhard,Winona Ryder",Series
Six Feet Under,2001,60,"Comedy,Drama",8.6,"Peter Krause,Michael C. Hall,Frances Conroy",Series
The Marvelous Mrs. Maisel,2017,57,"Comedy,Drama",8.6,"Rachel Brosnahan,Alex Borstein,Michael Zegen",Series
South Park,1997,22,"Animation,Comedy",8.6,"Trey Parker,Matt Stone,Isaac Hayes",Series
The Adventures of Sherlock Holmes,1984,60,"Crime,Drama,Mystery",8.6,"Jeremy Brett,David Burke,Rosalie Williams",Series
One Piece: Wan pîsu,1999,24,"Animation,Action,Adventure",8.6,"Mayumi Tanaka,Tony Beck,Laurent Vernin",Series
The Boys,2019,60,"Action,Crime,Drama",8.6,"Karl Urban,Jack Quaid,Antony Starr",Series
House of Cards,2013,51,Drama,8.6,"Kevin Spacey,Michel Gill,Robin Wright",Series
Aspirants,2021,45,Drama,8.6,"Naveen Kasturia,Shivankit Singh Parihar,Abhilash Thapliyal",Series
Justice League Unlimited,2004,23,"Animation,Action,Adventure",8.6,"George Newbern,Kevin Conroy,Phil LaMarr",Series
Battlestar Galactica,2004,44,"Action,Adventure,Drama",8.6,"Edward James Olmos,Mary McDonnell,Jamie Bamber",Series
The Thick of It,2005,29,Comedy,8.6,"Chris Addison,James Smith,Peter Capaldi",Series
House M.D.,2004,44,"Drama,Mystery",8.6,"Hugh Laurie,Omar Epps,Robert Sean Leonard",Series
The Simpsons,1989,22,"Animation,Comedy",8.6,"Dan Castellaneta,Nancy Cartwright,Harry Shearer",Series
The Jinx: The Life and Deaths of Robert Durst,2015,279,"Documentary,Crime,Mystery",8.6,"Robert Durst,Andrew Jarecki,Gary Napoli",Series
The Shield,2002,47,"Crime,Drama,Thriller",8.6,"Michael Chiklis,Michael Jace,Jay Karnes",Series
Kenpû Denki Berserk,1997,23,"Animation,Action,Adventure",8.6,"Marc Diraison,Nobutoshi Canna,Carrie Keranen",Series
The Crown,2016,58,"Biography,Drama,History",8.6,"Claire Foy,Olivia Colman,Imelda Staunton",Series
The Grand Tour,2016,60,"Comedy,Talk-Show",8.6,"Jeremy Clarkson,James May,Richard Hammond",Series
Downton Abbey,2010,58,"Drama,Romance",8.6,"Hugh Bonneville,Phyllis Logan,Elizabeth McGovern",Series
The Return of Sherlock Holmes,1986,60,Nan,8.6,"Jeremy Brett,Edward Hardwicke,Rosalie Williams",Series
Line of Duty,2012,60,"Crime,Drama,Mystery",8.6,"Martin Compston,Vicky McClure,Adrian Dunbar",Series
It's a Sin,2021,239,"Comedy,Drama,History",8.6,"Olly Alexander,Nathaniel Curtis,Shaun Dooley",Series
Mahabharat,1988,45,Nan,8.6,"Harish Bhimani,Nitish Bharadwaj,Mukesh Khanna",Series
Deadwood,2004,55,"Crime,Drama,History",8.6,"Timothy Olyphant,Ian McShane,Molly Parker",Series
Star Trek: The Next Generation,1987,44,"Action,Adventure,Mystery",8.6,"Patrick Stewart,Brent Spiner,Jonathan Frakes",Series
Top Gear,2002,60,"Adventure,Comedy,Reality-TV",8.6,"Jeremy Clarkson,Richard Hammond,James May",Series
Atlanta,2016,30,"Comedy,Drama,Music",8.6,"Donald Glover,Brian Tyree Henry,LaKeith Stanfield",Series
Ramayan,1987,30,Nan,8.6,"Arun Govil,Deepika Chikhalia,Sunil Lahri",Series
Haikyuu!!,2014,24,"Animation,Comedy,Drama",8.6,"Ayumu Murase,Kaito Ishikawa,Yu Hayashi",Series
Lonesome Dove,1989,384,"Adventure,Drama,Western",8.6,"Robert Duvall,Tommy Lee Jones,Danny Glover",Series
Mad Men,2007,47,Drama,8.6,"Jon Hamm,Elisabeth Moss,Vincent Kartheiser",Series
Bron/Broen,2011,60,"Crime,Mystery,Thriller",8.6,"Sofia Helin,Rafael Pettersson,Sarah Boberg",Series
Formula 1: Drive to Survive,2019,40,"Documentary,Sport",8.6,"Valtteri Bottas,Will Buxton,Pierre Gasly",Series
Kôdo giasu - Hangyaku no rurûshu: Code Geass - Lelouch of the Rebellion,2006,24,"Animation,Action,Drama",8.6,"Jun Fukuyama,Takahiro Sakurai,Johnny Yong Bosch",Series
Sarabhai V/S Sarabhai,2004,30,Comedy,8.6,"Satish Shah,Ratna Pathak Shah,Sumeet Raghavan",Series
Blackadder II,1986,176,Nan,8.6,"Rowan Atkinson,Tony Robinson,Tim McInnerny",Series
Parks and Recreation,2009,22,Comedy,8.6,"Amy Poehler,Jim O'Heir,Nick Offerman",Series
Demon Slayer: Kimetsu No Yaiba,2019,25,"Animation,Action,Adventure",8.6,"Natsuki Hanae,Zach Aguilar,Hiro Shimono",Series
Young Justice,2010,23,"Animation,Action,Adventure",8.6,"Danica McKellar,Nolan North,Stephanie Lemelin",Series
The X Files,1993,45,"Crime,Drama,Mystery",8.6,"David Duchovny,Gillian Anderson,Mitch Pileggi",Series
Peep Show,2003,25,Comedy,8.6,"David Mitchell,Robert Webb,Matt King",Series
Friday Night Lights,2006,44,"Drama,Sport",8.6,"Kyle Chandler,Connie Britton,Zach Gilford",Series
Gullak,2019,24,"Comedy,Drama,Family",8.6,"Jameel Khan,Geetanjali Kulkarni,Vaibhav Raj Gupta",Series
Dopesick,2021,60,Drama,8.6,"Michael Keaton,Peter Sarsgaard,Michael Stuhlbarg",Series
Gomorra: La serie,2014,55,"Crime,Drama,Thriller",8.6,"Salvatore Esposito,Marco D'Amore,Cristiana Dell'Anna",Series
Mindhunter,2017,60,"Crime,Drama,Thriller",8.6,"Jonathan Groff,Holt McCallany,Anna Torv",Series
Monster,2004,24,"Animation,Crime,Drama",8.6,"Hidenobu Kiuchi,Liam O'Brien,Mamiko Noto",Series
Battlestar Galactica,2003,183,"Action,Adventure,Drama",8.6,"Edward James Olmos,Mary McDonnell,Katee Sackhoff",Series
Westworld,2016,62,"Drama,Mystery,Sci-Fi",8.6,"Evan Rachel Wood,Jeffrey Wright,Ed Harris",Series
Jujutsu Kaisen,2020,24,"Animation,Action,Adventure",8.6,"Junya Enoki,Adam McArthur,Yûichi Nakamura",Series
This Is Us,2016,45,"Comedy,Drama,Romance",8.6,"Milo Ventimiglia,Mandy Moore,Sterling K. Brown",Series
Anne,2017,60,"Drama,Family",8.6,"Amybeth McNulty,Geraldine James,R.H. Thomson",Series
The Haunting of Hill House,2018,572,"Drama,Horror,Mystery",8.6,"Michiel Huisman,Carla Gugino,Henry Thomas",Series
Father Ted,1995,25,Comedy,8.6,"Dermot Morgan,Ardal O'Hanlon,Frank Kelly",Series
Dexter,2006,53,"Crime,Drama,Mystery",8.5,"Michael C. Hall,Jennifer Carpenter,David Zayas",Series
Blackadder the Third,1987,180,Nan,8.5,"Rowan Atkinson,Tony Robinson,Hugh Laurie",Series
The Bugs Bunny Show,1960,30,Nan,8.5,"Mel Blanc,June Foray,Jim Backus",Series
Daredevil,2015,54,"Action,Crime,Drama",8.5,"Charlie Cox,Vincent D'Onofrio,Deborah Ann Woll",Series
Archer,2009,22,"Animation,Action,Comedy",8.5,"H. Jon Benjamin,Judy Greer,Amber Nash",Series
The Queen's Gambit,2020,395,Drama,8.5,"Anya Taylor-Joy,Chloe Pirrie,Bill Camp",Series
Panchayat,2020,35,"Comedy,Drama",8.5,"Jitendra Kumar,Raghuvir Yadav,Chandan Roy",Series
The Newsroom,2012,55,Drama,8.5,"Jeff Daniels,Emily Mortimer,John Gallagher Jr.",Series
Sa-rang-eui bul-sa-chak,2019,70,"Adventure,Comedy,Romance",8.5,"Hyun Bin,Son Ye-jin,Seo Ji-hye",Series
Yes Minister,1980,30,Comedy,8.5,"Paul Eddington,Nigel Hawthorne,Derek Fowlds",Series
Behzat Ç.: Bir Ankara Polisiyesi,2010,90,Nan,8.5,"Erdal Besikçioglu,Inanç Konukçu,Ege Aydan",Series
Rurouni Kenshin: Meiji Kenkaku Romantan: Tsuioku Hen,1999,118,"Animation,Action,Adventure",8.5,"Mayo Suzukaze,Junko Iwao,Nozomu Sasaki",Series
QI,2003,30,"Comedy,Game-Show",8.5,"Alan Davies,Stephen Fry,Sandi Toksvig",Series
Yeh Meri Family,2018,30,"Comedy,Drama,Family",8.5,"Vishesh Bansal,Mona Singh,Akarsh Khurana",Series
Yellowstone,2018,60,"Drama,Western",8.5,"Kevin Costner,Luke Grimes,Kelly Reilly",Series
Poirot,1989,100,"Crime,Drama,Mystery",8.5,"David Suchet,Hugh Fraser,Philip Jackson",Series
Through the Wormhole,2010,60,Documentary,8.5,"Morgan Freeman,Sean Carroll,Michio Kaku",Series
Justified,2010,44,"Action,Crime,Drama",8.5,"Timothy Olyphant,Nick Searcy,Joelle Carter",Series
Making a Murderer,2015,60,"Documentary,Crime",8.5,"Steven Avery,Dolores Avery,Laura Nirider",Series
The Family Man,2019,45,"Action,Comedy,Drama",8.5,"Manoj Bajpayee,Samantha Ruth Prabhu,Priyamani",Series
Cobra Kai,2018,30,"Action,Comedy,Drama",8.5,"Courtney Henggeler,Mary Mouser,Tanner Buchanan",Series
North & South,2004,235,"Drama,Romance",8.5,"Daniela Denby-Ashe,Richard Armitage,Tim Pigott-Smith",Series
Spaced,1999,25,"Action,Comedy",8.5,"Simon Pegg,Jessica Hynes,Julia Deakin",Series
Mr. Bean,1990,25,"Comedy,Family",8.5,"Rowan Atkinson,Robin Driscoll,Matilda Ziegler",Series
Justice League,2001,22,"Animation,Action,Adventure",8.5,"Carl Lumbly,Phil LaMarr,Michael Rosenbaum",Series
The Eric Andre Show,2012,11,Comedy,8.5,"Eric André,Hannibal Buress,Robert Smith",Series
What We Do in the Shadows,2016,30,"Comedy,Fantasy,Horror",8.5,"Kayvan Novak,Matt Berry,Natasia Demetriou",Series
Shin seiki evangerion,1995,24,"Animation,Action,Drama",8.5,"Megumi Ogata,Megumi Hayashibara,Kotono Mitsuishi",Series
Long Way Round,2004,315,"Documentary,Adventure",8.5,"Ewan McGregor,Charley Boorman,David Alexanian",Series
Naruto: Shippûden,2007,24,"Animation,Action,Adventure",8.5,"Junko Takeuchi,Maile Flanagan,Kate Higgins",Series
From the Earth to the Moon,1998,60,"Action,Drama,History",8.5,"Tom Hanks,Nick Searcy,Lane Smith",Series
Samurai chanpurû,2004,24,"Animation,Action,Adventure",8.5,"Kazuya Nakai,Ginpei Sato,Ayako Kawasumi",Series
Boardwalk Empire,2010,55,"Crime,Drama,History",8.5,"Steve Buscemi,Kelly Macdonald,Michael Shannon",Series
Twin Peaks,2017,60,"Crime,Drama,Horror",8.5,"Kyle MacLachlan,Sheryl Lee,Michael Horse",Series
Pose,2018,60,Drama,8.5,"Michaela Jaé (MJ) Rodriguez,Dominique Jackson,Indya Moore",Series
Dragon Ball: Doragon bôru,1986,24,"Animation,Action,Adventure",8.5,"Masako Nozawa,Jôji Yanami,Brice Armstrong",Series
Flight of the Conchords,2007,28,"Comedy,Music,Musical",8.5,"Jemaine Clement,Bret McKenzie,Rhys Darby",Series
Adventure Time,2010,11,"Animation,Action,Adventure",8.5,"John DiMaggio,Jeremy Shada,Tom Kenny",Series
Mob Psycho 100,2016,24,"Animation,Action,Comedy",8.5,"Setsuo Ito,Takahiro Sakurai,Akio Ôtsuka",Series
Dragon Ball,1995,24,"Animation,Action,Adventure",8.5,"Brice Armstrong,Steve Olson,Stephanie Nadolny",Series
Senke nad Balkanom,2017,60,Nan,8.5,"Andrija Kuzmanovic,Marija Bergam,Dragan Bjelogrlic",Series
"Yes, Prime Minister",1986,30,Nan,8.5,"Paul Eddington,Nigel Hawthorne,Derek Fowlds",Series
Mr. Robot,2015,49,"Crime,Drama,Thriller",8.5,"Rami Malek,Christian Slater,Carly Chaikin",Series
Mystery Science Theater 3000,1988,92,"Comedy,Sci-Fi",8.5,"Joel Hodgson,Michael J. Nelson,Trace Beaulieu",Series
The IT Crowd,2006,25,Comedy,8.5,"Chris O'Dowd,Richard Ayoade,Katherine Parkinson",Series
Coupling,2000,30,Nan,8.5,"Jack Davenport,Gina Bellman,Sarah Alexander",Series
Alfred Hitchcock Presents,1955,25,"Comedy,Crime,Drama",8.5,"Alfred Hitchcock,Harry Tyler,John Williams",Series
Brass Eye,1997,25,Nan,8.5,"Christopher Morris,Mark Heap,Kevin Eldon",Series
Letterkenny,2016,30,Comedy,8.5,"Jared Keeso,Nathan Dales,Michelle Mylett",Series
Hagane no renkinjutsushi,2003,24,"Animation,Action,Adventure",8.5,"Vic Mignogna,Aaron Dismuke,Romi Park",Series
Homicide: Life on the Street,1993,60,"Crime,Drama,Mystery",8.5,"Richard Belzer,Clark Johnson,Yaphet Kotto",Series
Detectorists,2014,30,Comedy,8.5,"Mackenzie Crook,Toby Jones,Rachael Stirling",Series
Endeavour,2012,89,"Crime,Drama,Mystery",8.5,"Shaun Evans,Roger Allam,James Bradshaw",Series
Doctor Who,2005,45,"Adventure,Drama,Family",8.5,"Jodie Whittaker,Peter Capaldi,Pearl Mackie",Series
Skam,2015,30,"Drama,Romance",8.5,"Josefine Frida Pettersen,Iman Meskini,Ulrikke Falch",Series
Silicon Valley,2014,28,Comedy,8.5,"Thomas Middleditch,T.J. Miller,Josh Brener",Series
Impractical Jokers,2011,30,"Comedy,Reality-TV",8.5,"Brian Quinn,James Murray,Sal Vulcano",Series
Louie,2010,22,"Comedy,Drama",8.5,"Louis C.K.,Hadley Delany,Ursula Parker",Series
Generation Kill,2008,70,"Drama,War",8.5,"Alexander Skarsgård,James Ransone,Lee Tergesen",Series
Hannibal,2013,44,"Crime,Drama,Horror",8.5,"Hugh Dancy,Mads Mikkelsen,Caroline Dhavernas",Series
Shameless,2011,46,"Comedy,Drama",8.5,"Emmy Rossum,William H. Macy,Ethan Cutkosky",Series
The Expanse,2015,60,"Drama,Mystery,Sci-Fi",8.5,"Wes Chatham,Shohreh Aghdashloo,Steven Strait",Series
Spartacus: Gods of the Arena,2011,331,"Action,Adventure,Biography",8.5,"John Hannah,Manu Bennett,Peter Mensah",Series
Mr Inbetween,2018,30,"Crime,Drama",8.5,"Scott Ryan,Chika Yasumura,Justin Rosniak",Series
The Office,2001,30,"Comedy,Drama",8.5,"Ricky Gervais,Martin Freeman,Mackenzie Crook",Series
Chef's Table,2015,50,Documentary,8.5,"Massimo Bottura,Ruth Reichl,Francis Mallmann",Series
The Night Of,2016,525,"Crime,Drama,Mystery",8.4,"Riz Ahmed,John Turturro,Bill Camp",Series
Ezel,2009,90,"Crime,Drama,Thriller",8.4,"Kenan Imirzalioglu,Cansu Dere,Yigit Özsener",Series
Samurai Jack,2001,25,"Animation,Action,Adventure",8.4,"Phil LaMarr,Mako,Kevin Michael Richardson",Series
Whose Line Is It Anyway?,1998,30,"Comedy,Game-Show",8.4,"Drew Carey,Colin Mochrie,Ryan Stiles",Series
Sons of Anarchy,2008,45,"Crime,Drama,Thriller",8.4,"Charlie Hunnam,Katey Sagal,Mark Boone Junior",Series
I'm Alan Partridge,1997,29,Nan,8.4,"Steve Coogan,Simon Greenall,Felicity Montagu",Series
Shigatsu wa kimi no uso,2014,23,"Animation,Drama,Music",8.4,"Natsuki Hanae,Risa Taneda,Ayane Sakura",Series
Big Little Lies,2017,60,"Crime,Drama,Mystery",8.4,"Reese Witherspoon,Nicole Kidman,Shailene Woodley",Series
Spartacus: Blood and Sand,2010,55,"Action,Adventure,Biography",8.4,"Andy Whitfield,Lucy Lawless,Manu Bennett",Series
The Defiant Ones,2017,60,"Documentary,Biography,Crime",8.4,"Stevie Nicks,Bono,Tom Petty",Series
L'amica geniale,2018,60,Drama,8.4,"Alba Rohrwacher,Margherita Mazzucco,Gaia Girace",Series
Boku dake ga inai machi,2016,264,Nan,8.4,"Tao Tsuchiya,Ben Diskin,Michelle Ruff",Series
Bir Baskadir,2020,49,"Drama,Thriller",8.4,"Öykü Karayel,Fatih Artman,Funda Eryigit",Series
Black Books,2000,25,Comedy,8.4,"Dylan Moran,Bill Bailey,Tamsin Greig",Series
Mare of Easttown,2021,60,"Crime,Drama,Mystery",8.4,"Kate Winslet,Julianne Nicholson,Jean Smart",Series
Harley Quinn,2019,23,"Animation,Action,Adventure",8.4,"Kaley Cuoco,Lake Bell,Alan Tudyk",Series
John Adams,2008,71,"Biography,Drama,History",8.4,"Paul Giamatti,Laura Linney,John Dossett",Series
Schitt's Creek,2015,22,Comedy,8.4,"Eugene Levy,Catherine O'Hara,Dan Levy",Series
The Knick,2014,58,"Drama,History",8.4,"André Holland,Clive Owen,Jeremy Bobb",Series
Saikojiman Gwaenchanha,2020,80,"Comedy,Drama,Romance",8.4,"Kim Soo-hyun,Seo Ye-Ji,Oh Jeong-Se",Series
"Love, Death & Robots",2019,15,"Animation,Short,Action",8.4,"Scott Whyte,Nolan North,Steven Pacey",Series
Dr. Horrible's Sing-Along Blog,2008,42,"Short,Comedy,Musical",8.4,"Neil Patrick Harris,Nathan Fillion,Felicia Day",Series
Community,2009,22,Comedy,8.4,"Joel McHale,Danny Pudi,Donald Glover",Series
Inside No. 9,2014,30,"Comedy,Drama,Horror",8.4,"Reece Shearsmith,Steve Pemberton,Derek Jacobi",Series
The Punisher,2017,53,"Action,Crime,Drama",8.4,"Jon Bernthal,Amber Rose Revah,Ben Barnes",Series
The New Batman Adventures,1997,30,Nan,8.4,"Kevin Conroy,Tara Strong,Mathew Valencia",Series
"Unsere Mütter, unsere Väter",2013,270,"Action,Drama,History",8.4,"Volker Bruch,Tom Schilling,Katharina Schüttler",Series
Delhi Crime,2019,50,"Crime,Drama",8.4,"Shefali Shah,Rajesh Tailang,Rasika Dugal",Series
Horace and Pete,2016,67,Nan,8.4,"Louis C.K.,Steve Buscemi,Edie Falco",Series
The Venture Bros.,2003,22,"Animation,Action,Adventure",8.4,"Christopher McCulloch,James Urbaniak,Doc Hammer",Series
Flames,2018,20,"Comedy,Drama,Romance",8.4,"Ritvik Sahore,Tanya Maniktala,Sunakshi Grover",Series
The Prisoner,1967,50,"Drama,Mystery,Sci-Fi",8.4,"Patrick McGoohan,Angelo Muscat,Peter Swanwick",Series
Futurama,1999,22,"Animation,Adventure,Comedy",8.4,"Billy West,John DiMaggio,Katey Sagal",Series
Feud,2017,406,"Biography,Drama",8.4,"Susan Sarandon,Jessica Lange,Judy Davis",Series
Jesus of Nazareth,1977,382,"Biography,Drama,History",8.4,"Robert Powell,Olivia Hussey,Laurence Olivier",Series
Kôkaku kidôtai: Stand Alone Complex,2002,24,"Animation,Action,Crime",8.4,"Shirô Saitô,Mary Elizabeth McGlynn,William Frederick Knight",Series
X-Men,1992,23,"Animation,Action,Family",8.4,"Cedric Smith,Cal Dodd,Lenore Zann",Series
Luther,2010,60,"Crime,Drama,Mystery",8.4,"Idris Elba,Dermot Crowley,Michael Smiley",Series
Wentworth,2013,45,"Crime,Drama",8.4,"Kate Atkinson,Katrina Milosevic,Robbie Magasiva",Series
Scener ur ett äktenskap,1973,283,Nan,8.4,"Liv Ullmann,Erland Josephson,Bibi Andersson",Series
Garth Marenghi's Darkplace,2004,30,Nan,8.4,"Richard Ayoade,Matt Berry,Matthew Holness",Series
Vikings,2013,44,"Action,Adventure,Drama",8.4,"Katheryn Winnick,Gustaf Skarsgård,Alexander Ludwig",Series
Avrupa Yakasi,2004,60,Nan,8.4,"Gülse Birsel,Levent Üzümcü,Senay Gürler",Series
Sseulsseulhago Chalranhashin: Dokkaebi,2016,120,"Comedy,Drama,Fantasy",8.4,"Gong Yoo,Kim Go-eun,Lee Dong-Wook",Series
Normal People,2020,339,"Drama,Romance",8.4,"Daisy Edgar-Jones,Paul Mescal,Desmond Eastwood",Series
