,ID,Name,Year,Rating,Duration,Reviews,Director,Genre,Link
0,tt5491994,Planet Earth II,2016,9.5,4h 58m,139,David Attenborough|Chadden Hunter|Elizabeth White,Documentary,https://www.imdb.com/title/tt5491994/
1,tt0795176,Planet Earth,2006,9.4,8h 58m,100,David Attenborough|Sigourney Weaver|Nikolay Drozdov,Documentary,https://www.imdb.com/title/tt0795176/
2,tt0903747,Breaking Bad,2008,9.4,49m,4K,Bryan Cranston|Aaron Paul|Anna Gunn,Crime|Drama|Thriller,https://www.imdb.com/title/tt0903747/
3,tt0185906,Band of Brothers,2001,9.4,9h 54m,929,Scott Grimes|Damian Lewis|Ron Livingston,Drama|History|War,https://www.imdb.com/title/tt0185906/
4,tt7366338,Chernobyl,2019,9.3,5h 30m,3.3K,Jessie Buckley|Jared Harris|Stellan Skarsgård,Drama|History|Thriller,https://www.imdb.com/title/tt7366338/
5,tt0306414,The Wire,2002,9.3,59m,622,Dominic West|Lance Reddick|Sonja Sohn,Crime|Drama|Thriller,https://www.imdb.com/title/tt0306414/
6,tt6769208,Blue Planet II,2017,9.3,6h 4m,46,David Attenborough|Peter Drost|Roger Munns,Documentary,https://www.imdb.com/title/tt6769208/
7,tt9253866,Our Planet,2019,9.2,6h 43m,216,David Attenborough,Documentary,https://www.imdb.com/title/tt9253866/
8,tt2395695,Cosmos: A Spacetime Odyssey,2014,9.2,9h 17m,187,Neil deGrasse Tyson|Christopher Emerson|Keythe Farley,Documentary,https://www.imdb.com/title/tt2395695/
9,tt0417299,Avatar: The Last Airbender,2005,9.2,23m,780,Dee Bradley Baker|Zach Tyler Eisen|Mae Whitman,Animation|Action|Adventure,https://www.imdb.com/title/tt0417299/
10,tt0081846,Cosmos,1980,9.2,13h,62,Carl Sagan|Jaromír Hanzlík|Jonathan Fahn,Documentary,https://www.imdb.com/title/tt0081846/
11,tt0141842,The Sopranos,1999,9.2,55m,731,James Gandolfini|Lorraine Bracco|Edie Falco,Crime|Drama,https://www.imdb.com/title/tt0141842/
12,tt0944947,Game of Thrones,2011,9.2,57m,5.2K,Emilia Clarke|Peter Dinklage|Kit Harington,Action|Adventure|Drama,https://www.imdb.com/title/tt0944947/
13,tt2861424,Rick and Morty,2013,9.1,23m,782,Justin Roiland|Chris Parnell|Spencer Grammer,Animation|Adventure|Comedy,https://www.imdb.com/title/tt2861424/
14,tt11126994,Arcane: League of Legends,2021,9.1,41m,1.1K,Hailee Steinfeld|Kevin Alejandro|Jason Spisak,Animation|Action|Adventure,https://www.imdb.com/title/tt11126994/
15,tt0071075,The World at War,1973,9.1,52m,104,Laurence Olivier|Albert Speer|Anthony Eden,Nan,https://www.imdb.com/title/tt0071075/
16,tt8420184,The Last Dance,2020,9.1,8h 11m,495,Michael Jordan|Phil Jackson|Scottie Pippen,Documentary|Biography|History,https://www.imdb.com/title/tt8420184/
17,tt1533395,Life,2009,9.1,7h 53m,12,Oprah Winfrey|David Attenborough|Doug Allan,Documentary,https://www.imdb.com/title/tt1533395/
18,tt1355642,Hagane no renkinjutsushi,2009,9.0,24m,360,Kent Williams|Iemasa Kayumi|Vic Mignogna,Animation|Action|Adventure,https://www.imdb.com/title/tt1355642/
19,tt1475582,Sherlock,2010,9.0,1h 28m,971,Benedict Cumberbatch|Martin Freeman|Una Stubbs,Crime|Drama|Mystery,https://www.imdb.com/title/tt1475582/
20,tt1877514,The Vietnam War,2017,9.0,16h 30m,162,Peter Coyote|Huy Duc|James Willbanks,Nan,https://www.imdb.com/title/tt1877514/
21,tt12392504,Scam 1992: The Harshad Mehta Story,2020,9.0,54m,3.3K,Pratik Gandhi|Shreya Dhanwanthary|Hemant Kher,Biography|Crime|Drama,https://www.imdb.com/title/tt12392504/
22,tt0052520,The Twilight Zone,1959,9.0,51m,189,Rod Serling|Robert McCord|Jay Overholts,Drama|Fantasy|Horror,https://www.imdb.com/title/tt0052520/
23,tt0296310,The Blue Planet,2001,9.0,6h 29m,26,David Attenborough|Pierce Brosnan,Documentary,https://www.imdb.com/title/tt0296310/
24,tt0103359,Batman: The Animated Series,1992,9.0,23m,178,Kevin Conroy|Loren Lester|Efrem Zimbalist Jr.,Animation|Action|Adventure,https://www.imdb.com/title/tt0103359/
25,tt1806234,Human Planet,2011,8.9,50m,12,John Hurt|Roger Munns,Documentary,https://www.imdb.com/title/tt1806234/
26,tt0303461,Firefly,2002,8.9,44m,821,Nathan Fillion|Gina Torres|Alan Tudyk,Adventure|Drama|Sci-Fi,https://www.imdb.com/title/tt0303461/
27,tt7920978,Sahsiyet,2018,8.9,1h 5m,142,Haluk Bilginer|Cansu Dere|Metin Akdülger,Crime|Drama|Mystery,https://www.imdb.com/title/tt7920978/
28,tt10541088,Clarkson's Farm,2021,8.9,45m,692,Jeremy Clarkson|Kaleb Cooper|Charlie Ireland,Documentary|Reality-TV,https://www.imdb.com/title/tt10541088/
29,tt2092588,Frozen Planet,2011,8.9,5h 33m,16,David Attenborough|Alec Baldwin|Chadden Hunter,Documentary,https://www.imdb.com/title/tt2092588/
30,tt0877057,Death Note: Desu nôto,2006,8.9,24m,722,Mamoru Miyano|Brad Swaile|Vincent Tong,Animation|Crime|Drama,https://www.imdb.com/title/tt0877057/
31,tt0092337,Dekalog,1989,8.9,9h 32m,48,Artur Barcis|Olgierd Lukaszewicz|Aleksander Bardini,Drama,https://www.imdb.com/title/tt0092337/
32,tt2356777,True Detective,2014,8.9,55m,970,Vince Vaughn|Colin Farrell|Rachel McAdams,Crime|Drama|Mystery,https://www.imdb.com/title/tt2356777/
33,tt0213338,Kaubôi bibappu,1998,8.9,24m,306,Kôichi Yamadera|Unshô Ishizuka|Megumi Hayashibara,Animation|Action|Adventure,https://www.imdb.com/title/tt0213338/
34,tt0098769,The Civil War,1990,8.9,11h 20m,87,David McCullough|Sam Waterston|Julie Harris,Documentary|History|War,https://www.imdb.com/title/tt0098769/
35,tt2560140,Shingeki no kyojin,2013,8.9,24m,1.6K,Yûki Kaji|Marina Inoue|Josh Grelle,Animation|Action|Adventure,https://www.imdb.com/title/tt2560140/
36,tt2802850,Fargo,2014,8.9,53m,700,Billy Bob Thornton|Martin Freeman|Allison Tolman,Crime|Drama|Thriller,https://www.imdb.com/title/tt2802850/
37,tt2098220,Hunter x Hunter,2011,8.9,24m,262,Issei Futamata|Megumi Han|Cristina Valenzuela,Animation|Action|Adventure,https://www.imdb.com/title/tt2098220/
38,tt0386676,The Office,2005,8.9,22m,1.4K,Steve Carell|Jenna Fischer|John Krasinski,Comedy,https://www.imdb.com/title/tt0386676/
39,tt7137906,When They See Us,2019,8.8,4h 56m,682,Asante Blackk|Caleel Harris|Ethan Herisse,Biography|Crime|Drama,https://www.imdb.com/title/tt7137906/
40,tt2571774,Africa,2013,8.8,6h,12,David Attenborough|Simon Blakeney|Mark Deeble,Nan,https://www.imdb.com/title/tt2571774/
41,tt1508238,Apocalypse: La 2ème guerre mondiale,2009,8.8,5h 12m,29,Mathieu Kassovitz|Martin Sheen|Rudolf Hess,Documentary|History|War,https://www.imdb.com/title/tt1508238/
42,tt0081912,Only Fools and Horses....,1981,8.8,1h 35m,150,David Jason|Nicholas Lyndhurst|Roger Lloyd Pack,Comedy,https://www.imdb.com/title/tt0081912/
43,tt3530232,Last Week Tonight with John Oliver,2014,8.8,30m,113,John Oliver|David Kaye|Ryan Barger,Comedy|History|News,https://www.imdb.com/title/tt3530232/
44,tt4742876,TVF Pitchers,2015,8.8,40m,220,Naveen Kasturia|Arunabh Kumar|Jitendra Kumar,Comedy|Drama,https://www.imdb.com/title/tt4742876/
45,tt1865718,Gravity Falls,2012,8.8,23m,288,Jason Ritter|Alex Hirsch|Kristen Schaal,Animation|Action|Adventure,https://www.imdb.com/title/tt1865718/
46,tt0098904,Seinfeld,1989,8.8,22m,564,Jerry Seinfeld|Julia Louis-Dreyfus|Michael Richards,Comedy,https://www.imdb.com/title/tt0098904/
47,tt0081834,Das Boot,1985,8.8,4h 53m,28,Jürgen Prochnow|Herbert Grönemeyer|Klaus Wennemann,Nan,https://www.imdb.com/title/tt0081834/
48,tt0063929,Monty Python's Flying Circus,1969,8.8,30m,86,Graham Chapman|John Cleese|Terry Gilliam,Comedy,https://www.imdb.com/title/tt0063929/
49,tt2297757,Nathan for You,2013,8.8,30m,69,Nathan Fielder|Anthony Filosa|Brian S. Wolfe,Documentary|Comedy,https://www.imdb.com/title/tt2297757/
50,tt0108778,Friends,1994,8.8,22m,1.8K,Jennifer Aniston|Courteney Cox|Lisa Kudrow,Comedy|Romance,https://www.imdb.com/title/tt0108778/
51,tt0112130,Pride and Prejudice,1995,8.8,5h 27m,451,Colin Firth|Jennifer Ehle|Susannah Harker,Drama|Romance,https://www.imdb.com/title/tt0112130/
52,tt14164730,Dexter: New Blood,2021,8.7,AA,326,Michael C. Hall|Jack Alcott|Julia Jones,Crime|Drama|Mystery,https://www.imdb.com/title/tt14164730/
53,tt2085059,Black Mirror,2011,8.7,1h,839,Daniel Lapaine|Hannah John-Kamen|Michaela Coel,Drama|Sci-Fi|Thriller,https://www.imdb.com/title/tt2085059/
54,tt0098936,Twin Peaks,1990,8.7,47m,306,Kyle MacLachlan|Michael Ontkean|Mädchen Amick,Crime|Drama|Mystery,https://www.imdb.com/title/tt0098936/
55,tt3718778,Over the Garden Wall,2014,8.7,22m,160,Elijah Wood|Collin Dean|Melanie Lynskey,Animation|Adventure|Drama,https://www.imdb.com/title/tt3718778/
56,tt9432978,Kota Factory,2019,8.7,45m,537,Mayur More|Jitendra Kumar|Ranjan Raj,Comedy|Drama,https://www.imdb.com/title/tt9432978/
57,tt0072500,Fawlty Towers,1975,8.7,30m,184,John Cleese|Prunella Scales|Andrew Sachs,Comedy,https://www.imdb.com/title/tt0072500/
58,tt2707408,Narcos,2015,8.7,49m,459,Pedro Pascal|Lizbeth Eden|Wagner Moura,Biography|Crime|Drama,https://www.imdb.com/title/tt2707408/
59,tt0096548,Blackadder Goes Forth,1989,8.7,2h 55m,80,Rowan Atkinson|Tony Robinson|Stephen Fry,Nan,https://www.imdb.com/title/tt0096548/
60,tt0472954,It's Always Sunny in Philadelphia,2005,8.7,22m,388,Charlie Day|Glenn Howerton|Rob McElhenney,Comedy,https://www.imdb.com/title/tt0472954/
61,tt10986410,Ted Lasso,2020,8.7,30m,1.3K,Jason Sudeikis|Brett Goldstein|Brendan Hunt,Comedy|Drama|Sport,https://www.imdb.com/title/tt10986410/
62,tt3032476,Better Call Saul,2015,8.7,46m,938,Bob Odenkirk|Rhea Seehorn|Jonathan Banks,Crime|Drama,https://www.imdb.com/title/tt3032476/
63,tt0193676,Freaks and Geeks,1999,8.7,44m,224,Linda Cardellini|John Francis Daley|James Franco,Comedy|Drama,https://www.imdb.com/title/tt0193676/
64,tt0353049,Chappelle's Show,2003,8.7,22m,101,Dave Chappelle|Donnell Rawlings|Rudy Rush,Comedy|Music,https://www.imdb.com/title/tt0353049/
65,tt8111088,The Mandalorian,2019,8.7,40m,2.9K,Pedro Pascal|Carl Weathers|Barry Lowin,Action|Adventure|Fantasy,https://www.imdb.com/title/tt8111088/
66,tt2442560,Peaky Blinders,2013,8.7,1h,1K,Cillian Murphy|Paul Anderson|Helen McCrory,Crime|Drama,https://www.imdb.com/title/tt2442560/
67,tt0200276,The West Wing,1999,8.7,44m,280,Martin Sheen|Rob Lowe|Allison Janney,Drama,https://www.imdb.com/title/tt0200276/
68,tt5753856,Dark,2017,8.7,1h,3.7K,Louis Hofmann|Karoline Eichhorn|Lisa Vicari,Crime|Drama|Mystery,https://www.imdb.com/title/tt5753856/
69,tt1910272,Steins;Gate,2011,8.7,24m,222,Mamoru Miyano|Asami Imai|Kana Hanazawa,Animation|Comedy|Drama,https://www.imdb.com/title/tt1910272/
70,tt4508902,One Punch Man: Wanpanman,2015,8.7,24m,327,Makoto Furukawa|Kaito Ishikawa|Max Mittelman,Animation|Action|Comedy,https://www.imdb.com/title/tt4508902/
71,tt3398228,BoJack Horseman,2014,8.7,25m,535,Will Arnett|Amy Sedaris|Alison Brie,Animation|Comedy|Drama,https://www.imdb.com/title/tt3398228/
72,tt0121220,Dragon Ball Z: Doragon bôru zetto,1989,8.7,24m,59,Jôji Yanami|Kyle Hebert|Masako Nozawa,Animation|Action|Adventure,https://www.imdb.com/title/tt0121220/
73,tt0264235,Curb Your Enthusiasm,2000,8.7,28m,288,Larry David|Cheryl Hines|Jeff Garlin,Comedy,https://www.imdb.com/title/tt0264235/
74,tt0384766,Rome,2005,8.7,52m,290,Kevin McKidd|Ray Stevenson|Polly Walker,Action|Drama|History,https://www.imdb.com/title/tt0384766/
75,tt0214341,Dragon Ball Z,1989,8.7,24m,187,Doc Harris|Christopher Sabat|Scott McNeil,Animation|Action|Adventure,https://www.imdb.com/title/tt0214341/
76,tt0074006,"I, Claudius",1976,8.7,11h 9m,125,Derek Jacobi|John Hurt|Siân Phillips,Biography|Drama|History,https://www.imdb.com/title/tt0074006/
77,tt10233448,Vinland Saga,2019,8.7,24m,167,Keith Silverstein|Zach Aguilar|Ben Diskin,Animation|Action|Adventure,https://www.imdb.com/title/tt10233448/
78,tt0118421,Oz,1997,8.7,55m,199,Ernie Hudson|J.K. Simmons|Lee Tergesen,Crime|Drama|Thriller,https://www.imdb.com/title/tt0118421/
79,tt7660850,Succession,2018,8.7,1h,727,Nicholas Braun|Brian Cox|Kieran Culkin,Drama,https://www.imdb.com/title/tt7660850/
80,tt6741278,Invincible,2021,8.7,50m,718,Steven Yeun|J.K. Simmons|Sandra Oh,Animation|Action|Adventure,https://www.imdb.com/title/tt6741278/
81,tt5687612,Fleabag,2016,8.7,27m,592,Phoebe Waller-Bridge|Sian Clifford|Olivia Colman,Comedy|Drama,https://www.imdb.com/title/tt5687612/
82,tt1831164,Leyla ile Mecnun,2011,8.7,1h 20m,72,Ali Atay|Serkan Keskin|Ahmet Mümtaz Taylan,Nan,https://www.imdb.com/title/tt1831164/
83,tt0367279,Arrested Development,2003,8.7,22m,456,Jason Bateman|Michael Cera|Portia de Rossi,Comedy,https://www.imdb.com/title/tt0367279/
84,tt4574334,Stranger Things,2016,8.6,51m,2.7K,Millie Bobby Brown|Finn Wolfhard|Winona Ryder,Drama|Fantasy|Horror,https://www.imdb.com/title/tt4574334/
85,tt0248654,Six Feet Under,2001,8.6,1h,350,Peter Krause|Michael C. Hall|Frances Conroy,Comedy|Drama,https://www.imdb.com/title/tt0248654/
86,tt5788792,The Marvelous Mrs. Maisel,2017,8.6,57m,653,Rachel Brosnahan|Alex Borstein|Michael Zegen,Comedy|Drama,https://www.imdb.com/title/tt5788792/
87,tt0121955,South Park,1997,8.6,22m,551,Trey Parker|Matt Stone|Isaac Hayes,Animation|Comedy,https://www.imdb.com/title/tt0121955/
88,tt0086661,The Adventures of Sherlock Holmes,1984,8.6,1h,60,Jeremy Brett|David Burke|Rosalie Williams,Crime|Drama|Mystery,https://www.imdb.com/title/tt0086661/
89,tt0388629,One Piece: Wan pîsu,1999,8.6,24m,377,Mayumi Tanaka|Tony Beck|Laurent Vernin,Animation|Action|Adventure,https://www.imdb.com/title/tt0388629/
90,tt1190634,The Boys,2019,8.6,1h,2.1K,Karl Urban|Jack Quaid|Antony Starr,Action|Crime|Drama,https://www.imdb.com/title/tt1190634/
91,tt1856010,House of Cards,2013,8.6,51m,897,Kevin Spacey|Michel Gill|Robin Wright,Drama,https://www.imdb.com/title/tt1856010/
92,tt14392248,Aspirants,2021,8.6,45m,6.3K,Naveen Kasturia|Shivankit Singh Parihar|Abhilash Thapliyal,Drama,https://www.imdb.com/title/tt14392248/
93,tt6025022,Justice League Unlimited,2004,8.6,23m,16,George Newbern|Kevin Conroy|Phil LaMarr,Animation|Action|Adventure,https://www.imdb.com/title/tt6025022/
94,tt0407362,Battlestar Galactica,2004,8.6,44m,805,Edward James Olmos|Mary McDonnell|Jamie Bamber,Action|Adventure|Drama,https://www.imdb.com/title/tt0407362/
95,tt0459159,The Thick of It,2005,8.6,29m,49,Chris Addison|James Smith|Peter Capaldi,Comedy,https://www.imdb.com/title/tt0459159/
96,tt0412142,House M.D.,2004,8.6,44m,609,Hugh Laurie|Omar Epps|Robert Sean Leonard,Drama|Mystery,https://www.imdb.com/title/tt0412142/
97,tt0096697,The Simpsons,1989,8.6,22m,890,Dan Castellaneta|Nancy Cartwright|Harry Shearer,Animation|Comedy,https://www.imdb.com/title/tt0096697/
98,tt4299972,The Jinx: The Life and Deaths of Robert Durst,2015,8.6,4h 39m,49,Robert Durst|Andrew Jarecki|Gary Napoli,Documentary|Crime|Mystery,https://www.imdb.com/title/tt4299972/
99,tt0286486,The Shield,2002,8.6,47m,447,Michael Chiklis|Michael Jace|Jay Karnes,Crime|Drama|Thriller,https://www.imdb.com/title/tt0286486/
100,tt0318871,Kenpû Denki Berserk,1997,8.6,23m,118,Marc Diraison|Nobutoshi Canna|Carrie Keranen,Animation|Action|Adventure,https://www.imdb.com/title/tt0318871/
101,tt4786824,The Crown,2016,8.6,58m,723,Claire Foy|Olivia Colman|Imelda Staunton,Biography|Drama|History,https://www.imdb.com/title/tt4786824/
102,tt5712554,The Grand Tour,2016,8.6,1h,371,Jeremy Clarkson|James May|Richard Hammond,Comedy|Talk-Show,https://www.imdb.com/title/tt5712554/
103,tt1606375,Downton Abbey,2010,8.6,58m,289,Hugh Bonneville|Phyllis Logan|Elizabeth McGovern,Drama|Romance,https://www.imdb.com/title/tt1606375/
104,tt0090509,The Return of Sherlock Holmes,1986,8.6,1h,20,Jeremy Brett|Edward Hardwicke|Rosalie Williams,Nan,https://www.imdb.com/title/tt0090509/
105,tt2303687,Line of Duty,2012,8.6,1h,438,Martin Compston|Vicky McClure|Adrian Dunbar,Crime|Drama|Mystery,https://www.imdb.com/title/tt2303687/
106,tt9140342,It's a Sin,2021,8.6,3h 59m,379,Olly Alexander|Nathaniel Curtis|Shaun Dooley,Comedy|Drama|History,https://www.imdb.com/title/tt9140342/
107,tt0158417,Mahabharat,1988,8.6,45m,133,Harish Bhimani|Nitish Bharadwaj|Mukesh Khanna,Nan,https://www.imdb.com/title/tt0158417/
108,tt0348914,Deadwood,2004,8.6,55m,329,Timothy Olyphant|Ian McShane|Molly Parker,Crime|Drama|History,https://www.imdb.com/title/tt0348914/
109,tt0092455,Star Trek: The Next Generation,1987,8.6,44m,296,Patrick Stewart|Brent Spiner|Jonathan Frakes,Action|Adventure|Mystery,https://www.imdb.com/title/tt0092455/
110,tt1628033,Top Gear,2002,8.6,1h,162,Jeremy Clarkson|Richard Hammond|James May,Adventure|Comedy|Reality-TV,https://www.imdb.com/title/tt1628033/
111,tt4288182,Atlanta,2016,8.6,30m,110,Donald Glover|Brian Tyree Henry|LaKeith Stanfield,Comedy|Drama|Music,https://www.imdb.com/title/tt4288182/
112,tt0268093,Ramayan,1987,8.6,30m,213,Arun Govil|Deepika Chikhalia|Sunil Lahri,Nan,https://www.imdb.com/title/tt0268093/
113,tt3398540,Haikyuu!!,2014,8.6,24m,104,Ayumu Murase|Kaito Ishikawa|Yu Hayashi,Animation|Comedy|Drama,https://www.imdb.com/title/tt3398540/
114,tt0096639,Lonesome Dove,1989,8.6,6h 24m,216,Robert Duvall|Tommy Lee Jones|Danny Glover,Adventure|Drama|Western,https://www.imdb.com/title/tt0096639/
115,tt0804503,Mad Men,2007,8.6,47m,405,Jon Hamm|Elisabeth Moss|Vincent Kartheiser,Drama,https://www.imdb.com/title/tt0804503/
116,tt1733785,Bron/Broen,2011,8.6,1h,183,Sofia Helin|Rafael Pettersson|Sarah Boberg,Crime|Mystery|Thriller,https://www.imdb.com/title/tt1733785/
117,tt8289930,Formula 1: Drive to Survive,2019,8.6,40m,247,Valtteri Bottas|Will Buxton|Pierre Gasly,Documentary|Sport,https://www.imdb.com/title/tt8289930/
118,tt0994314,Kôdo giasu - Hangyaku no rurûshu: Code Geass - Lelouch of the Rebellion,2006,8.6,24m,181,Jun Fukuyama|Takahiro Sakurai|Johnny Yong Bosch,Animation|Action|Drama,https://www.imdb.com/title/tt0994314/
119,tt1518542,Sarabhai V/S Sarabhai,2004,8.6,30m,56,Satish Shah|Ratna Pathak Shah|Sumeet Raghavan,Comedy,https://www.imdb.com/title/tt1518542/
120,tt0088484,Blackadder II,1986,8.6,2h 56m,54,Rowan Atkinson|Tony Robinson|Tim McInnerny,Nan,https://www.imdb.com/title/tt0088484/
121,tt1266020,Parks and Recreation,2009,8.6,22m,366,Amy Poehler|Jim O'Heir|Nick Offerman,Comedy,https://www.imdb.com/title/tt1266020/
122,tt9335498,Demon Slayer: Kimetsu No Yaiba,2019,8.6,25m,368,Natsuki Hanae|Zach Aguilar|Hiro Shimono,Animation|Action|Adventure,https://www.imdb.com/title/tt9335498/
123,tt1641384,Young Justice,2010,8.6,23m,132,Danica McKellar|Nolan North|Stephanie Lemelin,Animation|Action|Adventure,https://www.imdb.com/title/tt1641384/
124,tt0106179,The X Files,1993,8.6,45m,448,David Duchovny|Gillian Anderson|Mitch Pileggi,Crime|Drama|Mystery,https://www.imdb.com/title/tt0106179/
125,tt0387764,Peep Show,2003,8.6,25m,102,David Mitchell|Robert Webb|Matt King,Comedy,https://www.imdb.com/title/tt0387764/
126,tt0758745,Friday Night Lights,2006,8.6,44m,335,Kyle Chandler|Connie Britton|Zach Gilford,Drama|Sport,https://www.imdb.com/title/tt0758745/
127,tt10530900,Gullak,2019,8.6,24m,398,Jameel Khan|Geetanjali Kulkarni|Vaibhav Raj Gupta,Comedy|Drama|Family,https://www.imdb.com/title/tt10530900/
128,tt9174558,Dopesick,2021,8.6,1h,133,Michael Keaton|Peter Sarsgaard|Michael Stuhlbarg,Drama,https://www.imdb.com/title/tt9174558/
129,tt2049116,Gomorra: La serie,2014,8.6,55m,235,Salvatore Esposito|Marco D'Amore|Cristiana Dell'Anna,Crime|Drama|Thriller,https://www.imdb.com/title/tt2049116/
130,tt5290382,Mindhunter,2017,8.6,1h,875,Jonathan Groff|Holt McCallany|Anna Torv,Crime|Drama|Thriller,https://www.imdb.com/title/tt5290382/
131,tt0434706,Monster,2004,8.6,24m,118,Hidenobu Kiuchi|Liam O'Brien|Mamiko Noto,Animation|Crime|Drama,https://www.imdb.com/title/tt0434706/
132,tt0314979,Battlestar Galactica,2003,8.6,3h 3m,458,Edward James Olmos|Mary McDonnell|Katee Sackhoff,Action|Adventure|Drama,https://www.imdb.com/title/tt0314979/
133,tt0475784,Westworld,2016,8.6,1h 2m,1.5K,Evan Rachel Wood|Jeffrey Wright|Ed Harris,Drama|Mystery|Sci-Fi,https://www.imdb.com/title/tt0475784/
134,tt12343534,Jujutsu Kaisen,2020,8.6,24m,176,Junya Enoki|Adam McArthur|Yûichi Nakamura,Animation|Action|Adventure,https://www.imdb.com/title/tt12343534/
135,tt5555260,This Is Us,2016,8.6,45m,647,Milo Ventimiglia|Mandy Moore|Sterling K. Brown,Comedy|Drama|Romance,https://www.imdb.com/title/tt5555260/
136,tt5421602,Anne,2017,8.6,1h,1K,Amybeth McNulty|Geraldine James|R.H. Thomson,Drama|Family,https://www.imdb.com/title/tt5421602/
137,tt6763664,The Haunting of Hill House,2018,8.6,9h 32m,2.4K,Michiel Huisman|Carla Gugino|Henry Thomas,Drama|Horror|Mystery,https://www.imdb.com/title/tt6763664/
138,tt0111958,Father Ted,1995,8.6,25m,115,Dermot Morgan|Ardal O'Hanlon|Frank Kelly,Comedy,https://www.imdb.com/title/tt0111958/
139,tt0773262,Dexter,2006,8.5,53m,912,Michael C. Hall|Jennifer Carpenter|David Zayas,Crime|Drama|Mystery,https://www.imdb.com/title/tt0773262/
140,tt0092324,Blackadder the Third,1987,8.5,3h,51,Rowan Atkinson|Tony Robinson|Hugh Laurie,Nan,https://www.imdb.com/title/tt0092324/
141,tt0053488,The Bugs Bunny Show,1960,8.5,30m,14,Mel Blanc|June Foray|Jim Backus,Nan,https://www.imdb.com/title/tt0053488/
142,tt3322312,Daredevil,2015,8.5,54m,1K,Charlie Cox|Vincent D'Onofrio|Deborah Ann Woll,Action|Crime|Drama,https://www.imdb.com/title/tt3322312/
143,tt1486217,Archer,2009,8.5,22m,194,H. Jon Benjamin|Judy Greer|Amber Nash,Animation|Action|Comedy,https://www.imdb.com/title/tt1486217/
144,tt10048342,The Queen's Gambit,2020,8.5,6h 35m,2.5K,Anya Taylor-Joy|Chloe Pirrie|Bill Camp,Drama,https://www.imdb.com/title/tt10048342/
145,tt12004706,Panchayat,2020,8.5,35m,1K,Jitendra Kumar|Raghuvir Yadav|Chandan Roy,Comedy|Drama,https://www.imdb.com/title/tt12004706/
146,tt1870479,The Newsroom,2012,8.5,55m,343,Jeff Daniels|Emily Mortimer|John Gallagher Jr.,Drama,https://www.imdb.com/title/tt1870479/
147,tt10850932,Sa-rang-eui bul-sa-chak,2019,8.5,1h 10m,502,Hyun Bin|Son Ye-jin|Seo Ji-hye,Adventure|Comedy|Romance,https://www.imdb.com/title/tt10850932/
148,tt0080306,Yes Minister,1980,8.5,30m,47,Paul Eddington|Nigel Hawthorne|Derek Fowlds,Comedy,https://www.imdb.com/title/tt0080306/
149,tt1795096,Behzat Ç.: Bir Ankara Polisiyesi,2010,8.5,1h 30m,31,Erdal Besikçioglu|Inanç Konukçu|Ege Aydan,Nan,https://www.imdb.com/title/tt1795096/
150,tt0203082,Rurouni Kenshin: Meiji Kenkaku Romantan: Tsuioku Hen,1999,8.5,1h 58m,53,Mayo Suzukaze|Junko Iwao|Nozomu Sasaki,Animation|Action|Adventure,https://www.imdb.com/title/tt0203082/
151,tt0380136,QI,2003,8.5,30m,26,Alan Davies|Stephen Fry|Sandi Toksvig,Comedy|Game-Show,https://www.imdb.com/title/tt0380136/
152,tt8595766,Yeh Meri Family,2018,8.5,30m,386,Vishesh Bansal|Mona Singh|Akarsh Khurana,Comedy|Drama|Family,https://www.imdb.com/title/tt8595766/
153,tt4236770,Yellowstone,2018,8.5,1h,899,Kevin Costner|Luke Grimes|Kelly Reilly,Drama|Western,https://www.imdb.com/title/tt4236770/
154,tt0094525,Poirot,1989,8.5,1h 40m,103,David Suchet|Hugh Fraser|Philip Jackson,Crime|Drama|Mystery,https://www.imdb.com/title/tt0094525/
155,tt1513168,Through the Wormhole,2010,8.5,1h,25,Morgan Freeman|Sean Carroll|Michio Kaku,Documentary,https://www.imdb.com/title/tt1513168/
156,tt1489428,Justified,2010,8.5,44m,309,Timothy Olyphant|Nick Searcy|Joelle Carter,Action|Crime|Drama,https://www.imdb.com/title/tt1489428/
157,tt5189670,Making a Murderer,2015,8.5,1h,465,Steven Avery|Dolores Avery|Laura Nirider,Documentary|Crime,https://www.imdb.com/title/tt5189670/
158,tt9544034,The Family Man,2019,8.5,45m,1.4K,Manoj Bajpayee|Samantha Ruth Prabhu|Priyamani,Action|Comedy|Drama,https://www.imdb.com/title/tt9544034/
159,tt7221388,Cobra Kai,2018,8.5,30m,2K,Courtney Henggeler|Mary Mouser|Tanner Buchanan,Action|Comedy|Drama,https://www.imdb.com/title/tt7221388/
160,tt0417349,North & South,2004,8.5,3h 55m,118,Daniela Denby-Ashe|Richard Armitage|Tim Pigott-Smith,Drama|Romance,https://www.imdb.com/title/tt0417349/
161,tt0187664,Spaced,1999,8.5,25m,98,Simon Pegg|Jessica Hynes|Julia Deakin,Action|Comedy,https://www.imdb.com/title/tt0187664/
162,tt0096657,Mr. Bean,1990,8.5,25m,76,Rowan Atkinson|Robin Driscoll|Matilda Ziegler,Comedy|Family,https://www.imdb.com/title/tt0096657/
163,tt0275137,Justice League,2001,8.5,22m,81,Carl Lumbly|Phil LaMarr|Michael Rosenbaum,Animation|Action|Adventure,https://www.imdb.com/title/tt0275137/
164,tt2244495,The Eric Andre Show,2012,8.5,11m,73,Eric André|Hannibal Buress|Robert Smith,Comedy,https://www.imdb.com/title/tt2244495/
165,tt7908628,What We Do in the Shadows,2016,8.5,30m,407,Kayvan Novak|Matt Berry|Natasia Demetriou,Comedy|Fantasy|Horror,https://www.imdb.com/title/tt7908628/
166,tt0112159,Shin seiki evangerion,1995,8.5,24m,267,Megumi Ogata|Megumi Hayashibara|Kotono Mitsuishi,Animation|Action|Drama,https://www.imdb.com/title/tt0112159/
167,tt0403778,Long Way Round,2004,8.5,5h 15m,57,Ewan McGregor|Charley Boorman|David Alexanian,Documentary|Adventure,https://www.imdb.com/title/tt0403778/
168,tt0988824,Naruto: Shippûden,2007,8.5,24m,315,Junko Takeuchi|Maile Flanagan|Kate Higgins,Animation|Action|Adventure,https://www.imdb.com/title/tt0988824/
169,tt0120570,From the Earth to the Moon,1998,8.5,1h,72,Tom Hanks|Nick Searcy|Lane Smith,Action|Drama|History,https://www.imdb.com/title/tt0120570/
170,tt0423731,Samurai chanpurû,2004,8.5,24m,90,Kazuya Nakai|Ginpei Sato|Ayako Kawasumi,Animation|Action|Adventure,https://www.imdb.com/title/tt0423731/
171,tt0979432,Boardwalk Empire,2010,8.5,55m,243,Steve Buscemi|Kelly Macdonald|Michael Shannon,Crime|Drama|History,https://www.imdb.com/title/tt0979432/
172,tt4093826,Twin Peaks,2017,8.5,1h,459,Kyle MacLachlan|Sheryl Lee|Michael Horse,Crime|Drama|Horror,https://www.imdb.com/title/tt4093826/
173,tt7562112,Pose,2018,8.5,1h,208,Michaela Jaé (MJ) Rodriguez|Dominique Jackson|Indya Moore,Drama,https://www.imdb.com/title/tt7562112/
174,tt0088509,Dragon Ball: Doragon bôru,1986,8.5,24m,41,Masako Nozawa|Jôji Yanami|Brice Armstrong,Animation|Action|Adventure,https://www.imdb.com/title/tt0088509/
175,tt0863046,Flight of the Conchords,2007,8.5,28m,44,Jemaine Clement|Bret McKenzie|Rhys Darby,Comedy|Music|Musical,https://www.imdb.com/title/tt0863046/
176,tt1305826,Adventure Time,2010,8.5,11m,203,John DiMaggio|Jeremy Shada|Tom Kenny,Animation|Action|Adventure,https://www.imdb.com/title/tt1305826/
177,tt5897304,Mob Psycho 100,2016,8.5,24m,76,Setsuo Ito|Takahiro Sakurai|Akio Ôtsuka,Animation|Action|Comedy,https://www.imdb.com/title/tt5897304/
178,tt0280249,Dragon Ball,1995,8.5,24m,45,Brice Armstrong|Steve Olson|Stephanie Nadolny,Animation|Action|Adventure,https://www.imdb.com/title/tt0280249/
179,tt6108262,Senke nad Balkanom,2017,8.5,1h,57,Andrija Kuzmanovic|Marija Bergam|Dragan Bjelogrlic,Nan,https://www.imdb.com/title/tt6108262/
180,tt0086831,"Yes, Prime Minister",1986,8.5,30m,19,Paul Eddington|Nigel Hawthorne|Derek Fowlds,Nan,https://www.imdb.com/title/tt0086831/
181,tt4158110,Mr. Robot,2015,8.5,49m,1.1K,Rami Malek|Christian Slater|Carly Chaikin,Crime|Drama|Thriller,https://www.imdb.com/title/tt4158110/
182,tt0094517,Mystery Science Theater 3000,1988,8.5,1h 32m,231,Joel Hodgson|Michael J. Nelson|Trace Beaulieu,Comedy|Sci-Fi,https://www.imdb.com/title/tt0094517/
183,tt0487831,The IT Crowd,2006,8.5,25m,186,Chris O'Dowd|Richard Ayoade|Katherine Parkinson,Comedy,https://www.imdb.com/title/tt0487831/
184,tt0237123,Coupling,2000,8.5,30m,144,Jack Davenport|Gina Bellman|Sarah Alexander,Nan,https://www.imdb.com/title/tt0237123/
185,tt0047708,Alfred Hitchcock Presents,1955,8.5,25m,43,Alfred Hitchcock|Harry Tyler|John Williams,Comedy|Crime|Drama,https://www.imdb.com/title/tt0047708/
186,tt0118273,Brass Eye,1997,8.5,25m,26,Christopher Morris|Mark Heap|Kevin Eldon,Nan,https://www.imdb.com/title/tt0118273/
187,tt4647692,Letterkenny,2016,8.5,30m,198,Jared Keeso|Nathan Dales|Michelle Mylett,Comedy,https://www.imdb.com/title/tt4647692/
188,tt0421357,Hagane no renkinjutsushi,2003,8.5,24m,119,Vic Mignogna|Aaron Dismuke|Romi Park,Animation|Action|Adventure,https://www.imdb.com/title/tt0421357/
189,tt0106028,Homicide: Life on the Street,1993,8.5,1h,98,Richard Belzer|Clark Johnson|Yaphet Kotto,Crime|Drama|Mystery,https://www.imdb.com/title/tt0106028/
190,tt4082744,Detectorists,2014,8.5,30m,152,Mackenzie Crook|Toby Jones|Rachael Stirling,Comedy,https://www.imdb.com/title/tt4082744/
191,tt2701582,Endeavour,2012,8.5,1h 29m,160,Shaun Evans|Roger Allam|James Bradshaw,Crime|Drama|Mystery,https://www.imdb.com/title/tt2701582/
192,tt0436992,Doctor Who,2005,8.5,45m,911,Jodie Whittaker|Peter Capaldi|Pearl Mackie,Adventure|Drama|Family,https://www.imdb.com/title/tt0436992/
193,tt5288312,Skam,2015,8.5,30m,65,Josefine Frida Pettersen|Iman Meskini|Ulrikke Falch,Drama|Romance,https://www.imdb.com/title/tt5288312/
194,tt2575988,Silicon Valley,2014,8.5,28m,249,Thomas Middleditch|T.J. Miller|Josh Brener,Comedy,https://www.imdb.com/title/tt2575988/
195,tt2100976,Impractical Jokers,2011,8.5,30m,162,Brian Quinn|James Murray|Sal Vulcano,Comedy|Reality-TV,https://www.imdb.com/title/tt2100976/
196,tt1492966,Louie,2010,8.5,22m,78,Louis C.K.|Hadley Delany|Ursula Parker,Comedy|Drama,https://www.imdb.com/title/tt1492966/
197,tt0995832,Generation Kill,2008,8.5,1h 10m,102,Alexander Skarsgård|James Ransone|Lee Tergesen,Drama|War,https://www.imdb.com/title/tt0995832/
198,tt2243973,Hannibal,2013,8.5,44m,676,Hugh Dancy|Mads Mikkelsen|Caroline Dhavernas,Crime|Drama|Horror,https://www.imdb.com/title/tt2243973/
199,tt1586680,Shameless,2011,8.5,46m,553,Emmy Rossum|William H. Macy|Ethan Cutkosky,Comedy|Drama,https://www.imdb.com/title/tt1586680/
200,tt3230854,The Expanse,2015,8.5,1h,1.4K,Wes Chatham|Shohreh Aghdashloo|Steven Strait,Drama|Mystery|Sci-Fi,https://www.imdb.com/title/tt3230854/
201,tt1758429,Spartacus: Gods of the Arena,2011,8.5,5h 31m,72,John Hannah|Manu Bennett|Peter Mensah,Action|Adventure|Biography,https://www.imdb.com/title/tt1758429/
202,tt7472896,Mr Inbetween,2018,8.5,30m,336,Scott Ryan|Chika Yasumura|Justin Rosniak,Crime|Drama,https://www.imdb.com/title/tt7472896/
203,tt0290978,The Office,2001,8.5,30m,238,Ricky Gervais|Martin Freeman|Mackenzie Crook,Comedy|Drama,https://www.imdb.com/title/tt0290978/
204,tt4295140,Chef's Table,2015,8.5,50m,35,Massimo Bottura|Ruth Reichl|Francis Mallmann,Documentary,https://www.imdb.com/title/tt4295140/
205,tt2401256,The Night Of,2016,8.4,8h 45m,296,Riz Ahmed|John Turturro|Bill Camp,Crime|Drama|Mystery,https://www.imdb.com/title/tt2401256/
206,tt1534360,Ezel,2009,8.4,1h 30m,76,Kenan Imirzalioglu|Cansu Dere|Yigit Özsener,Crime|Drama|Thriller,https://www.imdb.com/title/tt1534360/
207,tt0278238,Samurai Jack,2001,8.4,25m,113,Phil LaMarr|Mako|Kevin Michael Richardson,Animation|Action|Adventure,https://www.imdb.com/title/tt0278238/
208,tt0163507,Whose Line Is It Anyway?,1998,8.4,30m,122,Drew Carey|Colin Mochrie|Ryan Stiles,Comedy|Game-Show,https://www.imdb.com/title/tt0163507/
209,tt1124373,Sons of Anarchy,2008,8.4,45m,559,Charlie Hunnam|Katey Sagal|Mark Boone Junior,Crime|Drama|Thriller,https://www.imdb.com/title/tt1124373/
210,tt0129690,I'm Alan Partridge,1997,8.4,29m,59,Steve Coogan|Simon Greenall|Felicity Montagu,Nan,https://www.imdb.com/title/tt0129690/
211,tt3895150,Shigatsu wa kimi no uso,2014,8.4,23m,193,Natsuki Hanae|Risa Taneda|Ayane Sakura,Animation|Drama|Music,https://www.imdb.com/title/tt3895150/
212,tt3920596,Big Little Lies,2017,8.4,1h,538,Reese Witherspoon|Nicole Kidman|Shailene Woodley,Crime|Drama|Mystery,https://www.imdb.com/title/tt3920596/
213,tt1442449,Spartacus: Blood and Sand,2010,8.4,55m,472,Andy Whitfield|Lucy Lawless|Manu Bennett,Action|Adventure|Biography,https://www.imdb.com/title/tt1442449/
214,tt6958022,The Defiant Ones,2017,8.4,1h,31,Stevie Nicks|Bono|Tom Petty,Documentary|Biography|Crime,https://www.imdb.com/title/tt6958022/
215,tt7278862,L'amica geniale,2018,8.4,1h,126,Alba Rohrwacher|Margherita Mazzucco|Gaia Girace,Drama,https://www.imdb.com/title/tt7278862/
216,tt5249462,Boku dake ga inai machi,2016,8.4,4h 24m,159,Tao Tsuchiya|Ben Diskin|Michelle Ruff,Nan,https://www.imdb.com/title/tt5249462/
217,tt11301642,Bir Baskadir,2020,8.4,49m,168,Öykü Karayel|Fatih Artman|Funda Eryigit,Drama|Thriller,https://www.imdb.com/title/tt11301642/
218,tt0262150,Black Books,2000,8.4,25m,92,Dylan Moran|Bill Bailey|Tamsin Greig,Comedy,https://www.imdb.com/title/tt0262150/
219,tt10155688,Mare of Easttown,2021,8.4,1h,937,Kate Winslet|Julianne Nicholson|Jean Smart,Crime|Drama|Mystery,https://www.imdb.com/title/tt10155688/
220,tt7658402,Harley Quinn,2019,8.4,23m,276,Kaley Cuoco|Lake Bell|Alan Tudyk,Animation|Action|Adventure,https://www.imdb.com/title/tt7658402/
221,tt0472027,John Adams,2008,8.4,1h 11m,133,Paul Giamatti|Laura Linney|John Dossett,Biography|Drama|History,https://www.imdb.com/title/tt0472027/
222,tt3526078,Schitt's Creek,2015,8.4,22m,985,Eugene Levy|Catherine O'Hara|Dan Levy,Comedy,https://www.imdb.com/title/tt3526078/
223,tt2937900,The Knick,2014,8.4,58m,88,André Holland|Clive Owen|Jeremy Bobb,Drama|History,https://www.imdb.com/title/tt2937900/
224,tt12451520,Saikojiman Gwaenchanha,2020,8.4,1h 20m,571,Kim Soo-hyun|Seo Ye-Ji|Oh Jeong-Se,Comedy|Drama|Romance,https://www.imdb.com/title/tt12451520/
225,tt9561862,"Love, Death & Robots",2019,8.4,15m,975,Scott Whyte|Nolan North|Steven Pacey,Animation|Short|Action,https://www.imdb.com/title/tt9561862/
226,tt1227926,Dr. Horrible's Sing-Along Blog,2008,8.4,42m,83,Neil Patrick Harris|Nathan Fillion|Felicia Day,Short|Comedy|Musical,https://www.imdb.com/title/tt1227926/
227,tt1439629,Community,2009,8.4,22m,493,Joel McHale|Danny Pudi|Donald Glover,Comedy,https://www.imdb.com/title/tt1439629/
228,tt2674806,Inside No. 9,2014,8.4,30m,77,Reece Shearsmith|Steve Pemberton|Derek Jacobi,Comedy|Drama|Horror,https://www.imdb.com/title/tt2674806/
229,tt5675620,The Punisher,2017,8.4,53m,815,Jon Bernthal|Amber Rose Revah|Ben Barnes,Action|Crime|Drama,https://www.imdb.com/title/tt5675620/
230,tt0118266,The New Batman Adventures,1997,8.4,30m,37,Kevin Conroy|Tara Strong|Mathew Valencia,Nan,https://www.imdb.com/title/tt0118266/
231,tt1883092,"Unsere Mütter, unsere Väter",2013,8.4,4h 30m,119,Volker Bruch|Tom Schilling|Katharina Schüttler,Action|Drama|History,https://www.imdb.com/title/tt1883092/
232,tt9398466,Delhi Crime,2019,8.4,50m,227,Shefali Shah|Rajesh Tailang|Rasika Dugal,Crime|Drama,https://www.imdb.com/title/tt9398466/
233,tt5425186,Horace and Pete,2016,8.4,1h 7m,70,Louis C.K.|Steve Buscemi|Edie Falco,Nan,https://www.imdb.com/title/tt5425186/
234,tt0417373,The Venture Bros.,2003,8.4,22m,65,Christopher McCulloch|James Urbaniak|Doc Hammer,Animation|Action|Adventure,https://www.imdb.com/title/tt0417373/
235,tt7927936,Flames,2018,8.4,20m,577,Ritvik Sahore|Tanya Maniktala|Sunakshi Grover,Comedy|Drama|Romance,https://www.imdb.com/title/tt7927936/
236,tt0061287,The Prisoner,1967,8.4,50m,129,Patrick McGoohan|Angelo Muscat|Peter Swanwick,Drama|Mystery|Sci-Fi,https://www.imdb.com/title/tt0061287/
237,tt0149460,Futurama,1999,8.4,22m,366,Billy West|John DiMaggio|Katey Sagal,Animation|Adventure|Comedy,https://www.imdb.com/title/tt0149460/
238,tt1984119,Feud,2017,8.4,6h 46m,100,Susan Sarandon|Jessica Lange|Judy Davis,Biography|Drama,https://www.imdb.com/title/tt1984119/
239,tt0075520,Jesus of Nazareth,1977,8.4,6h 22m,175,Robert Powell|Olivia Hussey|Laurence Olivier,Biography|Drama|History,https://www.imdb.com/title/tt0075520/
240,tt0346314,Kôkaku kidôtai: Stand Alone Complex,2002,8.4,24m,41,Shirô Saitô|Mary Elizabeth McGlynn|William Frederick Knight,Animation|Action|Crime,https://www.imdb.com/title/tt0346314/
241,tt0103584,X-Men,1992,8.4,23m,78,Cedric Smith|Cal Dodd|Lenore Zann,Animation|Action|Family,https://www.imdb.com/title/tt0103584/
242,tt1474684,Luther,2010,8.4,1h,299,Idris Elba|Dermot Crowley|Michael Smiley,Crime|Drama|Mystery,https://www.imdb.com/title/tt1474684/
243,tt2433738,Wentworth,2013,8.4,45m,241,Kate Atkinson|Katrina Milosevic|Robbie Magasiva,Crime|Drama,https://www.imdb.com/title/tt2433738/
244,tt0070644,Scener ur ett äktenskap,1973,8.4,4h 43m,51,Liv Ullmann|Erland Josephson|Bibi Andersson,Nan,https://www.imdb.com/title/tt0070644/
245,tt0397150,Garth Marenghi's Darkplace,2004,8.4,30m,69,Richard Ayoade|Matt Berry|Matthew Holness,Nan,https://www.imdb.com/title/tt0397150/
246,tt2306299,Vikings,2013,8.4,44m,1.1K,Katheryn Winnick|Gustaf Skarsgård|Alexander Ludwig,Action|Adventure|Drama,https://www.imdb.com/title/tt2306299/
247,tt0421291,Avrupa Yakasi,2004,8.4,1h,5,Gülse Birsel|Levent Üzümcü|Senay Gürler,Nan,https://www.imdb.com/title/tt0421291/
248,tt5994364,Sseulsseulhago Chalranhashin: Dokkaebi,2016,8.4,2h,177,Gong Yoo|Kim Go-eun|Lee Dong-Wook,Comedy|Drama|Fantasy,https://www.imdb.com/title/tt5994364/
249,tt9059760,Normal People,2020,8.4,5h 39m,639,Daisy Edgar-Jones|Paul Mescal|Desmond Eastwood,Drama|Romance,https://www.imdb.com/title/tt9059760/
